Epoca,Erro_Quadratico_Medio
1,0.2049894308539554
2,0.19933602681710072
3,0.20110903858839344
4,0.20858495328231016
5,0.21218002742443523
6,0.21316293080858362
7,0.21381169519265472
8,0.2142570519037908
9,0.21449583796577743
10,0.21310726568015828
11,0.21080103445792128
12,0.20873483415022343
13,0.20760904245989914
14,0.20770345320677597
15,0.20831542721933224
16,0.2090236656179856
17,0.21059392253039283
18,0.21167555093266316
