Epoca,Erro_Quadratico_Medio
1,0.24867482177871347
2,0.24051648076321205
3,0.24297323771713097
4,0.2451253238338309
5,0.24809269972078868
6,0.25170480957091046
7,0.25535970036407935
8,0.2584532840600283
9,0.26077458714311524
10,0.2625563276085039
11,0.2640181979880507
12,0.2654971883161891
13,0.26718185955403223
14,0.26901255772440225
15,0.27079993244219425
