Epoca,Erro_Treino,Erro_Validacao
1,0.07248779331522932,0.11103749702303796
2,0.05014271770082193,0.08076849355467841
3,0.039746851163035744,0.07544966431198617
4,0.02991684592599869,0.0698600875938991
5,0.023580392918351328,0.06581164200087987
6,0.01917927815150531,0.06296586954388292
7,0.015448976839114262,0.0626204105700774
8,0.0121320634236257,0.058210517863032614
9,0.00970929487637725,0.05400801538236897
