Epoca,Erro_Treino,Erro_Validacao
1,0.0801114190816704,0.09310629641355044
2,0.06142729545639658,0.07893399220649597
3,0.04500039712971522,0.07168688788842055
4,0.03390673518432368,0.07047100407032088
5,0.02735144195144863,0.06899957390978946
6,0.021689527489948027,0.06497007952984167
7,0.01716853525568982,0.05991551598742521
8,0.0140535306580576,0.05909249713181961
9,0.010779691511503004,0.05707578498288201
10,0.008947342508126985,0.0569537763134297
