Epoca,Erro_Quadratico_Medio
1,0.24026356654191885
2,0.246928097365429
3,0.2609098015301764
4,0.2653096275948616
5,0.2662772389870289
6,0.26801163864407945
7,0.2745110661618154
8,0.2773779089173068
9,0.27974240949475476
