Epoca,Erro_Treino,Erro_Validacao
1,0.1661489701323042,0.10622995831038436
2,0.07138639432958431,0.08493270438107084
3,0.04779363494684167,0.07467092716100344
4,0.03361855905323904,0.06662133702697948
5,0.02444622907313131,0.062007665184539464
6,0.018478824391955608,0.05761176037421568
7,0.014599988650196108,0.05681015699280204
8,0.0119343699880961,0.05699469933312495
9,0.009982735205167311,0.052538408523994676
