Epoca,Erro_Quadratico_Medio
1,0.2011946124532837
2,0.20402413575595363
3,0.20785526833002857
4,0.21214589063321643
5,0.21604118543262574
6,0.21873936376922679
7,0.2222763231210587
8,0.22634813089828634
9,0.2277671454892491
10,0.22791408243869976
11,0.22797452529405315
12,0.22782362867259232
13,0.22716804643603936
14,0.22602625960387468
15,0.22581118875872552
16,0.22655891687331908
