Epoca,Erro_Quadratico_Medio
1,0.19656674155481274
2,0.1820286320813001
3,0.171136445289059
4,0.1642213354335055
5,0.16061886677839793
6,0.1586028820703791
7,0.15665896361508747
8,0.15442000401008002
9,0.15256561570665345
10,0.15169999708299775
11,0.15161238524427817
