Epoca,Erro_Treino,Erro_Validacao
1,0.17758069091257783,0.17520385466594232
2,0.15065426077267868,0.15255528465872567
3,0.12677107184416386,0.13367519143362597
4,0.10629462776380995,0.11970518572049126
5,0.09070548381496336,0.10969196071812931
6,0.07986738405040852,0.10540458621477354
7,0.0711354012395933,0.10192749309477911
8,0.06306633209888801,0.09666666521832137
9,0.056288469003680466,0.0912598076713598
10,0.05078616271972019,0.08652291406615967
11,0.046132369373552744,0.08230216858400889
