Epoca,Erro_Treino,Erro_Validacao
1,0.1663418583750607,0.1811874568522004
2,0.13310120222173144,0.157037406907076
3,0.10816223167535874,0.13982150858117198
4,0.09077011294431347,0.12508047040605186
5,0.07723013889504743,0.11277448124714529
6,0.06635916843217399,0.10287062394328994
7,0.057711628686398224,0.09722239354945811
8,0.05075081138329197,0.09281379293051666
9,0.045044969713256305,0.08894642140760335
