Epoca,Erro_Treino,Erro_Validacao
1,0.11880482104838058,0.15196848472183094
2,0.07982795873220552,0.12040687876368239
3,0.061104133580182886,0.11088830740188008
4,0.047688679750138095,0.10621610445731425
5,0.03597680969076055,0.10119851753823783
6,0.02632871499494975,0.0949820655685192
7,0.01930436070273235,0.08884989166130766
8,0.014363820675707049,0.0832440224697195
9,0.010948290689750319,0.07901525765210625
10,0.008572803458557838,0.0760974545060931
