Epoca,Erro_Quadratico_Medio
1,0.22255666824973544
2,0.20997795806854735
3,0.20711012532448403
4,0.20554865467670427
5,0.2012795592743227
6,0.19580578542392807
7,0.19118574906443125
8,0.18799575371041402
9,0.18593865015043806
10,0.18463060456049019
