Epoca,Erro_Quadratico_Medio
1,0.22243702399836796
2,0.2224244593572388
3,0.23294438063282483
4,0.24514441446730653
5,0.254969331420618
6,0.2612773587544774
7,0.26567879936800903
8,0.26921707330897204
9,0.2724036297203575
10,0.27517778586105407
11,0.27748783859922815
12,0.2793751710992321
13,0.28088382913423365
14,0.28202979603712336
15,0.2828312451112362
16,0.28333068603526035
17,0.2835843438458945
18,0.28365132087955436
