Epoca,Erro_Quadratico_Medio
1,0.22082901635978178
2,0.21313525628556046
3,0.21270011616178683
4,0.21154309367946414
5,0.21133676995961473
6,0.2134723275818744
7,0.2183809123333809
8,0.2222711550207606
9,0.22553906205393018
10,0.22899737511945312
11,0.23232489311702387
12,0.23771321621547217
13,0.24058570593969225
14,0.2402130112457202
15,0.24063400716952885
16,0.2418726734197413
