Epoca,Erro_Quadratico_Medio
1,0.2559058225911605
2,0.25426416620632564
3,0.25921454068864613
4,0.26331986707143745
5,0.26677392378714543
6,0.27078900675618894
7,0.27327631972785366
8,0.27454740700363583
