Epoca,Erro_Treino,Erro_Validacao
1,0.07495183051277962,0.09452667418295801
2,0.04339168553420956,0.07305044520575577
3,0.027545413768825872,0.06410221803877585
4,0.019755357242322344,0.06285096529323878
5,0.015393773560344591,0.061581475286818455
6,0.012231272165930968,0.05961384636712599
7,0.01134760478694512,0.060081325180614466
8,0.008756156174716322,0.05834691643509156
