Epoca,Erro_Treino,Erro_Validacao
1,0.07258768795364419,0.10475745106196113
2,0.052116563094865516,0.08999016701103857
3,0.038184299077421366,0.0825896319712767
4,0.03108114617566492,0.07921981476554847
5,0.024376249713994092,0.07964760313942085
6,0.017016044112585924,0.07608696214635674
7,0.01297913368772628,0.07494227598915752
8,0.008369910956111334,0.06815775495600615
