Epoca,Erro_Treino,Erro_Validacao
1,0.13757718831803642,0.09129430637297395
2,0.06212746552418888,0.0854105784455617
3,0.04014427678256665,0.07917357625349658
4,0.028127778326962057,0.07489466243420466
5,0.019894143286020016,0.07270303180133793
6,0.014188537025796541,0.06899320742921285
7,0.010676154742522682,0.06611553997184284
8,0.008986043006504105,0.06489207118164582
