Epoca,Erro_Treino,Erro_Validacao
1,0.08321043131844816,0.10501354697489022
2,0.055237526701009426,0.0831428391483579
3,0.033212192769960486,0.0655991198508096
