Epoca,Erro_Treino,Erro_Validacao
1,0.07962903947403109,0.1119298178275211
2,0.04691127717754106,0.08516913598643416
