Epoca,Erro_Quadratico_Medio
1,0.21166617992217449
2,0.21063542137430644
