Epoca,Erro_Treino,Erro_Validacao
1,0.13621467204415516,0.09275490661418875
2,0.05963451448427444,0.08130991053316419
3,0.04108225334410399,0.07233590888785027
