Epoca,Erro_Treino,Erro_Validacao
1,0.06321700254305629,0.08116562895587927
2,0.04210807631978948,0.0754111771354719
3,0.029722142466236164,0.07094115339782657
4,0.02201790608867078,0.06472106605082699
5,0.01823979538790688,0.0637010682813022
6,0.015666894869884755,0.0634858543136926
7,0.013733498717249312,0.063633196409568
8,0.012266734068625178,0.06287494358601244
9,0.010588981420999337,0.06132318851777166
10,0.009142582141789292,0.05952295686066
