Epoca,Erro_Treino,Erro_Validacao
1,0.14830536143391404,0.08801425536393274
2,0.058575902419348035,0.07637092314644367
3,0.03885102263867209,0.061974600235012806
4,0.028311587544337716,0.05307435415795034
5,0.021446442981164885,0.04996760034960956
6,0.016788328658549647,0.04777842711110232
7,0.013557646581784079,0.04602693811693094
8,0.01080806288049189,0.04493666061343783
9,0.008741662918235403,0.04419587185573619
