Epoca,Erro_Treino,Erro_Validacao
1,0.09924584510906648,0.10267938023355766
2,0.07352847536346441,0.09132240895328952
3,0.05529656717476842,0.08501061148072972
4,0.036883503740621736,0.07356444019785603
5,0.025025786584193903,0.06707991775007159
6,0.019228878489019458,0.06496874637664009
7,0.016588590495813668,0.06336330740601094
8,0.013745599292857232,0.06046315367042454
9,0.009796587248487773,0.05595605776004477
