Epoca,Erro_Quadratico_Medio
1,0.26106189454389905
2,0.2647315777943028
3,0.2664756351984938
4,0.2604821611984802
5,0.25872106220195207
6,0.2625064996017859
7,0.2707925872032288
8,0.277385725185882
9,0.2792602410749349
