Epoca,Erro_Quadratico_Medio
1,0.2525232276785487
2,0.2511848573964754
3,0.2578043851402983
4,0.2663028432810129
5,0.2736211686069632
6,0.2789447792817426
7,0.2829719964176637
8,0.28563454591707776
9,0.28723587953103324
10,0.2881008319326352
11,0.28848246496488483
12,0.28855624478171854
13,0.28841642916402843
14,0.2882133376235979
15,0.288286671719439
