Epoca,Erro_Treino,Erro_Validacao
1,0.17428591031369914,0.1568237576443861
2,0.09122734289375163,0.14746217287718857
3,0.0547018513950175,0.15272845846067187
4,0.030923261876086613,0.14916106631786205
