Epoca,Erro_Quadratico_Medio
1,0.2070483607141993
2,0.20412079079558745
3,0.20344775532439838
