Epoca,Erro_Treino,Erro_Validacao
1,0.09745219558823454,0.14174075380825465
2,0.05444603846388585,0.11370784900515417
3,0.04211295473070944,0.10247399522557421
