Epoca,Erro_Treino,Erro_Validacao
1,0.09973022176148176,0.1398940232543781
2,0.07625687655609421,0.13518917486979273
3,0.06638861881633618,0.13288307976344801
4,0.05340261304530507,0.12166379355892615
5,0.034871703317104596,0.10311827126928608
