Epoca,Erro_Quadratico_Medio
1,0.24955623758560588
2,0.24290694996327256
3,0.243774820203321
4,0.24687830924483709
5,0.2506500708684597
6,0.25442109561046916
7,0.2578854017848082
8,0.2609638453172231
9,0.26363411057690894
10,0.26592898451260993
11,0.26820466702793544
12,0.2706525629401181
13,0.27325322750099884
14,0.2760345702421448
