Epoca,Erro_Treino,Erro_Validacao
1,0.09370204012253469,0.11931159337609107
2,0.06107131988333559,0.10177666578296175
3,0.05250176900230681,0.1012160147781502
4,0.040804711207826125,0.08740753772151644
