Epoca,Erro_Treino,Erro_Validacao
1,0.10681362228290843,0.125184175567877
2,0.07014557840083509,0.11428373054665779
3,0.05249248771647938,0.1102706779840873
4,0.04046040320575251,0.10185187803958982
