Epoca,Erro_Quadratico_Medio
1,0.2017968778619496
2,0.20981346874290388
3,0.2180178632791109
4,0.22017446535430138
