Epoca,Erro_Treino,Erro_Validacao
1,0.14764948637520828,0.13145127683701616
2,0.08038624355968119,0.10613367421440806
3,0.05260809474739764,0.08519451348968389
4,0.038319923596106774,0.07515136640676083
