Epoca,Erro_Quadratico_Medio
1,0.17199824467993172
2,0.14709603342009442
3,0.1384800252180372
4,0.13302967456008685
5,0.13132205742927855
6,0.13221928804647523
