Epoca,Erro_Treino,Erro_Validacao
1,0.158678173314317,0.17805697976408943
2,0.11312839232634005,0.1496172801514128
3,0.08161937064236728,0.13882186648253422
4,0.06616397524585554,0.12916495773961328
5,0.05522553356862136,0.11763355834214667
6,0.04589395280413358,0.10539104391196256
