Epoca,Erro_Treino,Erro_Validacao
1,0.16064667519895076,0.17055497175739984
2,0.10457329684338132,0.12460040940465653
3,0.0775119877815435,0.10233753249403348
4,0.06334771488090196,0.09424622766034739
5,0.05521949977044258,0.09282229160868075
6,0.04862664057859901,0.09020521593990546
