Epoca,Erro_Treino,Erro_Validacao
1,0.19787917889001855,0.1816028975309688
2,0.1535267315479517,0.15485256866772215
3,0.10861742468003989,0.13568934602835747
4,0.08058161859439794,0.11903194020871755
5,0.06349774356971868,0.10904420686638375
6,0.052121999469549096,0.10263121497117156
7,0.04403928515178683,0.09786070245213271
