Epoca,Erro_Quadratico_Medio
1,0.2368786097428659
2,0.21235322355787664
3,0.2064358148287503
4,0.2070971748829185
5,0.21037038985419904
6,0.21435910203417402
7,0.21824095286950718
8,0.22139560132390335
9,0.2238634624275431
10,0.22624205614733528
11,0.22865003837720188
12,0.23094561144379047
13,0.23291765652360363
14,0.234508193468148
