Epoca,Erro_Quadratico_Medio
1,0.19576741720581142
2,0.19513254768624785
3,0.18872361899286147
4,0.18348259410727993
5,0.18049953962736495
6,0.1842273172636893
7,0.18842859084940333
8,0.1877531863063685
9,0.18874921801106878
10,0.18863058792786597
11,0.18668088067161895
12,0.18595208163688598
