Epoca,Erro_Treino,Erro_Validacao
1,0.20831844969942073,0.1762059318951939
2,0.12722790568900036,0.11920438852505762
3,0.08496406326291421,0.10034336103848214
4,0.06178720387185971,0.08674311783462199
5,0.048401229512539126,0.07793684735742136
