Epoca,Erro_Treino,Erro_Validacao
1,0.1458786238947769,0.16670981847891447
2,0.09056493208566777,0.11650669322298007
3,0.06566486397229979,0.10083409746202485
4,0.05022044082947571,0.09087099811647627
5,0.04017913077711312,0.08431217238509085
