Epoca,Erro_Treino,Erro_Validacao
1,0.14175837394397203,0.14723556616829836
2,0.08818121773981218,0.09676687564295045
3,0.0673971349084332,0.08121717037577698
4,0.055534451188068774,0.07258222721516154
5,0.04816810490013845,0.06859786026070001
