Epoca,Erro_Quadratico_Medio
1,0.28091435345654053
2,0.28117841158954526
3,0.2758113465529874
4,0.2728004106353653
5,0.2722343629890708
