Epoca,Erro_Quadratico_Medio
1,0.23704306871304756
2,0.21996837497811147
3,0.2122181269119197
4,0.20798336098113532
5,0.20514470048479277
6,0.20286848070309046
7,0.20100093809406616
