Epoca,Erro_Treino,Erro_Validacao
1,0.1993982404961743,0.17241855386982902
2,0.13646460412014882,0.14596182354319165
3,0.10561179529701469,0.12899023511479843
4,0.08455700542060487,0.1182021352054848
5,0.06899776085706907,0.10937128676187469
6,0.056834472008810935,0.1011011891105448
7,0.047040320216462726,0.09384845798490317
