Epoca,Erro_Treino,Erro_Validacao
1,0.13757638816015175,0.16096761057448639
2,0.10147314551678843,0.13785465870444463
3,0.08244338648293217,0.12790161968544675
4,0.06993250331935516,0.12127800612474512
5,0.0604899924267923,0.11648066019849994
6,0.052686588914327225,0.11257833631377856
7,0.046124830547796467,0.1087112550883279
