Epoca,Erro_Treino,Erro_Validacao
1,0.1551317006973698,0.18653798778353003
2,0.10697433335937215,0.15105959964265242
3,0.08357620586517658,0.13386395126095088
4,0.06855007717879616,0.12050269539409737
5,0.05759266164683865,0.10960348993109278
6,0.04874337479024685,0.1009039231294232
