Epoca,Erro_Treino,Erro_Validacao
1,0.0836988688033816,0.12107132199971628
2,0.05698264976146728,0.10611479815945003
3,0.044737964622460644,0.10295405274046122
