Epoca,Erro_Quadratico_Medio
1,0.21200866088556022
2,0.20508550383338664
