Epoca,Erro_Treino,Erro_Validacao
1,0.07628998995824596,0.11682981901617932
2,0.04316006769011516,0.09136710887709326
