Epoca,Erro_Treino,Erro_Validacao
1,0.15560192958493363,0.14448315970392647
2,0.07350979747416073,0.13077201729230367
3,0.044100684674696786,0.1295778763692324
