Epoca,Erro_Treino,Erro_Validacao
1,0.09759028705420524,0.10707550842892055
2,0.06582858574341204,0.08610208192907501
3,0.0495611601631598,0.07560380820329882
