Epoca,Erro_Treino,Erro_Validacao
1,0.14219769896025009,0.099344006912342
2,0.07783397052877863,0.0755799887945671
3,0.05734929200502722,0.06529445151345045
4,0.045059231097609787,0.060224292516089545
