Epoca,Erro_Quadratico_Medio
1,0.2299130208974784
2,0.22077423346583314
3,0.21991385145826284
4,0.22063893722731873
