Epoca,Erro_Treino,Erro_Validacao
1,0.10627062670282703,0.13304083846868725
2,0.07565970303908942,0.10335773741996848
3,0.05943577088047156,0.08829938756691955
4,0.047046148083676846,0.07799075075858762
