Epoca,Erro_Quadratico_Medio
1,0.2368534758276
2,0.2532556276953641
3,0.2651691831822766
4,0.26736540752341154
5,0.26451803335331253
6,0.26674202256582674
7,0.2681709365398618
8,0.26796320218841263
9,0.26682017462713087
