Epoca,Erro_Treino,Erro_Validacao
1,0.07366480788639125,0.11112103001594542
2,0.05196023409321982,0.11077292875975808
3,0.03684009480078457,0.10313790401087743
4,0.02344473685836146,0.09007478365635307
5,0.01447868120738797,0.07830202619567166
6,0.00932465041188906,0.07324845094916757
7,0.006595097612034027,0.06869365528573232
8,0.0050323248973765155,0.06535734763552048
9,0.003953349839711338,0.06239623174910247
