Epoca,Erro_Treino,Erro_Validacao
1,0.17558279128137855,0.13582204201342102
2,0.0815557993102094,0.11055856151184403
3,0.046592241853859434,0.11306337436471368
4,0.027854486041285275,0.09979291538943671
5,0.017635298524423422,0.08319619874510091
6,0.012083070369414303,0.07104433325983946
7,0.008885677772184089,0.06299237381515962
8,0.006815440711794584,0.057784908231094806
9,0.005287144781923314,0.05495883595312356
10,0.004256977595108234,0.053529215845172694
