Epoca,Erro_Treino,Erro_Validacao
1,0.07783491865685715,0.09940697476071864
2,0.053621954278127354,0.08661277849108551
3,0.038167203507959074,0.07790982878757957
4,0.02810476747518917,0.07260838433726559
5,0.02117255363243524,0.06610079540245628
6,0.016377897053609033,0.06003551502854936
7,0.013344875080463413,0.057489614486345195
8,0.011429182097161981,0.05520518585852496
9,0.010229777270065857,0.05384364693711489
10,0.00929986559546679,0.053091792405548545
