Epoca,Erro_Treino,Erro_Validacao
1,0.07910168683421871,0.09317456934903272
2,0.0507103468412031,0.07548248449304605
3,0.03633670157310279,0.06888377021608932
4,0.02708262777698601,0.06717253106170724
5,0.020759281672404768,0.06698426180492399
6,0.016562163721177726,0.06631452390590731
7,0.014352878483852739,0.06633999878908375
8,0.012784821752644298,0.06708203058060319
9,0.01117654781092476,0.06689207196203646
10,0.009823798451969335,0.06594883632294148
