Epoca,Erro_Quadratico_Medio
1,0.24745362919529643
2,0.25222558198779993
3,0.25736243880127097
4,0.2617217026716482
5,0.26455651240178685
6,0.26468159560389565
7,0.26480065565401484
8,0.26500719607357553
9,0.263592142704053
10,0.2601102096731363
