Epoca,Erro_Quadratico_Medio
1,0.1869305224957838
2,0.17171458644637483
3,0.1696089579295824
4,0.1721287886113262
5,0.17851284226556538
6,0.1819512311446286
7,0.18428039831533263
8,0.1857712858381778
9,0.18674784768419686
10,0.1872535218889836
11,0.18732495053666842
12,0.18756705855577402
13,0.1881081519381777
14,0.1879643111051149
15,0.18672297939508004
16,0.18498884633740434
17,0.1837929457937211
