Epoca,Erro_Quadratico_Medio
1,0.26382262196696593
2,0.24711562741351148
3,0.23995194980843526
