Epoca,Erro_Treino,Erro_Validacao
1,0.19466592842257208,0.12638747422780236
2,0.0935672177918405,0.1006723393921607
3,0.06622388762343098,0.09111808568254608
4,0.050304250580813475,0.08660671730571362
5,0.039866150142099245,0.08291729947349426
