Epoca,Erro_Treino,Erro_Validacao
1,0.09742652564560685,0.13101114290064286
2,0.0706321415769288,0.08873566034587357
3,0.0572614890222346,0.07492796449059871
4,0.04588141494041941,0.06712177529008802
