Epoca,Erro_Treino,Erro_Validacao
1,0.09104467192193189,0.09806268076259206
2,0.06249733021440689,0.07903605902838141
3,0.04855707447214891,0.068887959570799
