Epoca,Erro_Quadratico_Medio
1,0.5320443548746272
2,0.5376494359524934
3,0.5648355398713241
4,0.5928244372678727
5,0.5846619654578535
6,0.5733217598462086
7,0.5648697508081492
8,0.5586565802948434
9,0.5580050809927707
10,0.5609187150088254
11,0.5639584553417369
12,0.5658492639804884
13,0.5668284360407796
14,0.5665789521426838
15,0.5652639591626393
16,0.5628543848623128
17,0.5596987512324058
18,0.5563968306986902
19,0.553334544357607
20,0.5506416576879257
