Epoca,Erro_Quadratico_Medio
1,0.21284115172924842
2,0.21899221405385194
3,0.22331514257735618
4,0.22696173147232468
5,0.23421204029205117
6,0.24058521272322894
7,0.2464340043647075
8,0.25153064825732974
9,0.25324661998793774
10,0.25528711497825535
11,0.25868026594323423
12,0.2617801727202633
13,0.2643813961683199
