Epoca,Erro_Quadratico_Medio
1,0.2255997756705197
2,0.20165093954387714
3,0.18953162994398667
4,0.18576548316964345
5,0.18181708011130246
6,0.1782392600010282
7,0.17731672839142207
8,0.17755726557722462
9,0.17720858590104394
10,0.17673044397066245
11,0.17622933312417022
12,0.17518569089260652
13,0.17384586613373568
14,0.17331805758526134
