Epoca,Erro_Treino,Erro_Validacao
1,0.11233540278776548,0.11242217381255289
2,0.06531016102237316,0.08318825829492578
3,0.047472321441273176,0.0769647365972924
