Epoca,Erro_Treino,Erro_Validacao
1,0.14283719687330135,0.10310310624052513
2,0.07006947512207803,0.084251858001884
3,0.050794387556269714,0.07308224750526239
4,0.04189123508155648,0.06806843166393793
