Epoca,Erro_Treino,Erro_Validacao
1,0.08789596823982818,0.11482191285404886
2,0.05683099807500086,0.09185870613874322
3,0.042814641864540204,0.08270095635868503
