Epoca,Erro_Quadratico_Medio
1,0.2310801351004065
2,0.22128020519096897
3,0.21995953476162797
