Epoca,Erro_Quadratico_Medio
1,0.22932315228568698
2,0.20909024822828565
3,0.20222525558502538
4,0.20040217104728475
5,0.19977804762164492
6,0.19971799259267237
7,0.19855146282517172
8,0.19601689761253405
9,0.19325024349321382
10,0.19120841819108017
11,0.19001470032190426
12,0.18923589730533985
13,0.18866442696250854
14,0.18801896760140638
15,0.18743185157722592
16,0.18719452001852693
