Epoca,Erro_Treino,Erro_Validacao
1,0.22155008988616254,0.1671852178012842
2,0.13161508676819433,0.11506386664164377
3,0.09744759216757773,0.09519160307320454
4,0.07966772612290916,0.08509781648759694
5,0.06805050295452793,0.07832483988429119
6,0.05932899679929708,0.0735143478455432
7,0.052574454338055146,0.0704069717281329
8,0.04733492666086544,0.06855912820765127
