Epoca,Erro_Treino,Erro_Validacao
1,0.15239608955567355,0.17452646975417505
2,0.11221769666076023,0.1307098848376422
3,0.08948221918499345,0.10828331232043727
4,0.0746392809023249,0.09628400348322025
5,0.0647845168167845,0.08843359127788966
6,0.05755479121623801,0.08268846178271139
7,0.051777939228636244,0.0784019163634948
8,0.04711789085786178,0.0751267762390771
