Epoca,Erro_Quadratico_Medio
1,0.26417774035137476
2,0.25469488343314534
3,0.2500377820178195
4,0.24759290828718156
5,0.24663376988683336
6,0.24683471703707224
7,0.2474284963335642
8,0.24823143671714493
9,0.24937233852089313
