Epoca,Erro_Treino,Erro_Validacao
1,0.16847965912476093,0.20825949382514336
2,0.1229844971824471,0.1561608068803798
3,0.09787570423847046,0.1300335098997044
4,0.0822711168572229,0.11368280864925394
5,0.07107412275847672,0.10318219788418485
6,0.062453712839204555,0.09627601319909604
7,0.05566760073653108,0.0914000951974565
8,0.05021683271274144,0.08759893920439069
9,0.04569604765443165,0.08464815365262233
