Epoca,Erro_Treino,Erro_Validacao
1,0.08955897537734693,0.12529906875064542
2,0.06398706102741578,0.11480875054402502
3,0.043091939277312793,0.1046112902327462
4,0.02756999759219373,0.0958300268325658
5,0.019329962307397256,0.09295113543746418
6,0.01349325316107805,0.08995578085202365
7,0.009731357440736972,0.08752708793451831
