Epoca,Erro_Quadratico_Medio
1,0.172831897387405
2,0.16875389012297115
3,0.1624081463700145
4,0.15843696011908737
5,0.15848449113927768
6,0.15899258282352052
7,0.1603246083290803
