Epoca,Erro_Treino,Erro_Validacao
1,0.17664187414547208,0.13383833915051768
2,0.08384915447792843,0.11448648269516702
3,0.051573678322762745,0.10060560681301794
4,0.03529862231079262,0.08745160710601206
5,0.02415883881159883,0.07512183453480387
6,0.016394485719006563,0.0747574416170898
7,0.011508372135876679,0.0688146711275159
8,0.008200733325398368,0.06458139926948488
