Epoca,Erro_Treino,Erro_Validacao
1,0.08771642707480326,0.12360448514106678
2,0.0485716720776788,0.09585274706866466
3,0.0341722510379581,0.09121616038834258
4,0.029780723549947898,0.09270092105116719
5,0.028144698645782965,0.09851140823108903
6,0.021958697320089014,0.09683500486080054
7,0.015711165972979394,0.09184185881335118
8,0.011090152487367541,0.08677471937229977
9,0.008153903815801706,0.08338726425652744
