Epoca,Erro_Treino,Erro_Validacao
1,0.16492380637983975,0.12157222743536501
2,0.08181593712948952,0.08969326942389497
3,0.058524579251176816,0.08038501069419936
4,0.04641247293680556,0.07794473749121016
