Epoca,Erro_Treino,Erro_Validacao
1,0.10590639878906691,0.11311243215133764
2,0.07627998669382179,0.09368279451086386
3,0.059205998101197366,0.08353863031582952
4,0.0477086682778332,0.07705367694971238
