Epoca,Erro_Treino,Erro_Validacao
1,0.12042845971578485,0.13076909822831256
2,0.0823881521808544,0.10327487398944339
3,0.06331560392490874,0.09351637552057533
4,0.04984918058972148,0.0878763845756163
