Epoca,Erro_Quadratico_Medio
1,0.2091636508299724
2,0.20506879952029347
3,0.2079993716782632
4,0.2167122019952102
