Epoca,Erro_Treino,Erro_Validacao
1,0.13705757198282859,0.14837456070261115
2,0.09369843856400112,0.11317496491570557
3,0.0736665851786859,0.10112537977951924
4,0.06160481209630193,0.0947436155037733
5,0.05256340878541877,0.08957368286266411
6,0.04533430252882302,0.08513639117381198
