Epoca,Erro_Treino,Erro_Validacao
1,0.12926383088539165,0.15123103450382014
2,0.09255248019511018,0.11532719957700431
3,0.07309876452931542,0.10028407286068175
4,0.06029840073795736,0.0912894292545144
5,0.05137045041988509,0.08480077039980934
6,0.044715101080764236,0.08014054759811383
