Epoca,Erro_Quadratico_Medio
1,0.27012064503990274
2,0.2522667903444925
3,0.24492971458657364
4,0.24188500296957477
5,0.2410298825327002
6,0.24151506676173126
