Epoca,Erro_Treino,Erro_Validacao
1,0.20390793853914232,0.13524437198417377
2,0.10372011712424661,0.100065434394271
3,0.07775661988820122,0.08501654039334372
4,0.06349254058103887,0.07751725431932198
5,0.05379254528915423,0.07320118338401518
6,0.046645629367351345,0.0701650014622445
