Epoca,Erro_Quadratico_Medio
1,0.21317983109342234
2,0.2100208817027927
3,0.21299884943075184
4,0.21721132210934652
5,0.22026297192251645
6,0.22115227245592592
7,0.22117733607449275
8,0.22052124047214416
9,0.21986032706195904
10,0.21970472696476526
11,0.22013044368983012
12,0.22101155792386046
13,0.22218809214870539
14,0.22355382499760634
15,0.22500288248539205
16,0.2263088207626564
17,0.2273205911317165
