Epoca,Erro_Treino,Erro_Validacao
1,0.17284419766732803,0.17741822758557932
2,0.1235895609309073,0.1321562253562617
3,0.09891684249345939,0.11315823178541734
4,0.08348258950671539,0.10325595195874387
5,0.07275692302219655,0.096681635041662
6,0.06479489980120581,0.0916021619060846
7,0.05837930779582366,0.08724341504577113
8,0.052914748129805296,0.08396858733252663
9,0.048195066852375755,0.08172949326167536
