Epoca,Erro_Treino,Erro_Validacao
1,0.17639419615335886,0.18674959475800548
2,0.1289240103496769,0.14342457310380677
3,0.10030268410385361,0.12202880914097482
4,0.08241417590786845,0.11029562792565388
5,0.07039301701719508,0.10191775964150612
6,0.061449860274333475,0.09471227743366568
7,0.05426774931544453,0.0889183783980973
8,0.04844194381053594,0.08453303077007408
