Epoca,Erro_Quadratico_Medio
1,0.2731917698057101
2,0.26329641835089435
3,0.25681505803143573
4,0.2539456270409958
5,0.25323514819068454
6,0.2541939030200677
7,0.2560021069357312
8,0.2581279452016643
