Epoca,Erro_Treino,Erro_Validacao
1,0.2344172806453439,0.19484752722190965
2,0.16045128057088784,0.1512493879684867
3,0.12234540129234514,0.12456518410128324
4,0.09677416320053836,0.104204979993338
5,0.07886272889689562,0.09210419729089259
6,0.06707516411497604,0.08573528658354342
7,0.058659785391140175,0.08170646685237386
8,0.05206719818043625,0.07897734980266659
9,0.046829396312336395,0.07745290537642725
