Epoca,Erro_Treino,Erro_Validacao
1,0.2592100267030508,0.18574052712155198
2,0.15991831733958092,0.1410344109042639
3,0.11764381103980617,0.11374115721066175
4,0.0948703172449648,0.09743838814600041
5,0.08168772814091078,0.086923604752606
6,0.07269043865260139,0.07901984017549808
7,0.0658590897534862,0.07282178738794962
8,0.06022585330666764,0.06793854898628394
9,0.05543495632946917,0.06417564045045333
10,0.05129391001981342,0.06137956164751144
11,0.04767789018632485,0.05932042116939061
12,0.04451386677978855,0.05778135727095132
13,0.04178006595616825,0.05658124933577601
14,0.03943509016079657,0.0556085102884014
15,0.037391109422761346,0.05483049157231973
16,0.035560952212289026,0.054226745767032083
17,0.03388225707824065,0.053768664239222476
18,0.03230367610766566,0.05341649855717161
19,0.030786379302634878,0.053137922735030596
20,0.029386767367195338,0.052920992999466475
21,0.02814340661244624,0.05275102009814673
22,0.027002781772726654,0.052628518702608804
23,0.025951772923573934,0.05256124104144192
24,0.024992791596300464,0.052556324716335395
25,0.024113051321043962,0.052621070852324744
26,0.023286925953511034,0.052758576396112304
27,0.022508491751589983,0.052966471570267744
28,0.02179332117563719,0.05324398636349826
29,0.021133799519744804,0.053611185959654285
30,0.02048723883416047,0.05412316872357024
31,0.01977192823574503,0.05466479492727314
32,0.01900822973790758,0.05492892558381408
33,0.018335727615403207,0.054970169833626376
34,0.01774767196793513,0.05487617734041945
35,0.0172172798033111,0.054696795063746056
36,0.016734183306975584,0.05446974116356243
37,0.01629215619992642,0.05422417150434551
38,0.015886617365478518,0.053980574464709295
39,0.015513975522285698,0.05375144528745812
40,0.015170846311096588,0.053543530178542464
41,0.014853737506376802,0.0533601920602873
42,0.014559148164480359,0.053202924621221254
43,0.014283782823707084,0.05307201843407173
44,0.01402474799780068,0.052966593755263414
