Epoca,Erro_Treino,Erro_Validacao
1,0.11209779819580132,0.13126346685807944
2,0.05793005632884269,0.09319614846645777
3,0.040574705108194345,0.08744695477149797
