Epoca,Erro_Treino,Erro_Validacao
1,0.16946156122188524,0.14088599861092327
2,0.07713469639127599,0.11219738826904657
3,0.044044106704793425,0.10271091897232815
