Epoca,Erro_Treino,Erro_Validacao
1,0.08184177216663029,0.0926949905921586
2,0.053614205844928986,0.08466863343200925
3,0.03739603979851618,0.07778190873628044
