Epoca,Erro_Quadratico_Medio
1,0.18176598116524484
2,0.20301418824219714
3,0.21295540322574166
