Epoca,Erro_Quadratico_Medio
1,0.19071433906698726
2,0.18231023613471195
3,0.18090899078135395
4,0.18238953604965474
5,0.18648556847511963
6,0.18886766843278943
7,0.19125150547563577
8,0.19341276230303617
9,0.19536886543739682
10,0.19713189546271037
11,0.19827026998018585
12,0.19893435862885497
