Epoca,Erro_Quadratico_Medio
1,0.2712235973302026
2,0.2604585070965915
3,0.25568969263274277
4,0.25340324178057555
5,0.2520339657927494
6,0.2507628854307722
7,0.24965048325138312
