Epoca,Erro_Treino,Erro_Validacao
1,0.2100810348905974,0.16807157898874597
2,0.13517784740324137,0.13922717456272796
3,0.10618002532809018,0.1235902289294499
4,0.08823299436958378,0.11267708740418675
5,0.07512461325673538,0.10421787926916978
6,0.06517545270841371,0.09761352922843985
7,0.05766764204953063,0.09242137099682175
8,0.05187102354779318,0.08820389752520531
9,0.04717464718838344,0.0847291097769527
