Epoca,Erro_Treino,Erro_Validacao
1,0.14853966582486228,0.1726428324956957
2,0.10923823671365614,0.12878447060430886
3,0.0892675653647908,0.10834824341769432
4,0.07697157400100998,0.09846466011522971
5,0.06823642669031092,0.09263274996721269
6,0.06121556534098385,0.08830713935072726
7,0.05519250415791317,0.08457274858254783
8,0.04987021366544624,0.08117595037400213
