Epoca,Erro_Treino,Erro_Validacao
1,0.13061594483406866,0.15684304138694335
2,0.09865787632586526,0.12288471986618596
3,0.0807839676118051,0.10600489698974035
4,0.06845026053198748,0.0945317691932817
5,0.05884357606773358,0.08592132953193576
6,0.0511736151436142,0.07984314193268958
7,0.04513523275143233,0.07536150601407338
