Epoca,Erro_Quadratico_Medio
1,0.24335113120675117
2,0.23092156819239312
3,0.22612215374848457
4,0.22463751207909627
5,0.22456517403021414
6,0.2255960709076974
7,0.22740365187547146
