Epoca,Erro_Treino,Erro_Validacao
1,0.21369285352937553,0.1586325313836127
2,0.11919275008513515,0.11541333158090747
3,0.08699632487614202,0.09460418684265147
4,0.07150770646275877,0.08267672274141197
5,0.061576902076218035,0.07550552292784603
6,0.05420126075163445,0.07125272468053598
7,0.04842260045400259,0.06842405390701035
