Epoca,Erro_Treino,Erro_Validacao
1,0.15299506857166023,0.14440271600201615
2,0.10813049240955216,0.10732246781812951
3,0.08535215930501372,0.09091302467869027
4,0.07138598584577306,0.08218470544012023
5,0.06142801182016246,0.07663831155399882
6,0.05350330421308452,0.0724634561993622
7,0.04685408695124492,0.06941629845687272
