Epoca,Erro_Treino,Erro_Validacao
1,0.1455976876180677,0.15322289188562144
2,0.10406303105036169,0.11420238517686283
3,0.08135691077563371,0.09626588192609316
4,0.06780081406168781,0.08612323629034958
5,0.05883703130753255,0.07932317532566936
6,0.05213750770115862,0.07445825637879468
7,0.04683761850762245,0.07084425201308919
