Epoca,Erro_Quadratico_Medio
1,0.2527693629798521
2,0.22804630107521331
3,0.21490798815036477
4,0.20869334286537225
5,0.20582012070398964
6,0.20433248350615477
7,0.20347385701562265
8,0.20327777577216188
9,0.20344042033453433
10,0.20366624851816004
11,0.2038320257725501
12,0.2039451967571194
13,0.2040750435294539
14,0.20427598194702357
15,0.20455979969953947
16,0.20490302092000165
17,0.20527046202307453
18,0.20563036926235695
19,0.20595793506982166
