Epoca,Erro_Quadratico_Medio
1,0.26673547824715577
2,0.25726577867370626
3,0.2538278532950572
4,0.254856919139333
5,0.25773959822768333
6,0.26086726313374553
7,0.2636695143023231
8,0.2656215399102333
9,0.2668243544646828
10,0.2676235330525679
11,0.26839632713256995
12,0.26935649411043733
13,0.270586005072367
14,0.2720954048900896
15,0.27384443333203373
16,0.27575948351972945
