Epoca,Erro_Quadratico_Medio
1,0.23557777867231036
2,0.22045209411429972
3,0.21607404597764854
4,0.22076837134402466
5,0.23251388375443782
6,0.24235014202101865
7,0.2509991887128327
8,0.25447822575634854
9,0.2551710090918848
10,0.25532753384407936
11,0.25622618471435227
12,0.2593080738456082
13,0.26394173820198835
