Epoca,Erro_Quadratico_Medio
1,0.22718236736324995
2,0.22719839401232617
3,0.2291558173907411
