Epoca,Erro_Treino,Erro_Validacao
1,0.09563675827659085,0.09390986529475043
2,0.06115717909505409,0.06904598699522592
3,0.04318993531912169,0.0664461601459916
