Epoca,Erro_Treino,Erro_Validacao
1,0.17744264975905585,0.11245381827558038
2,0.08697654503830901,0.08032722042237492
3,0.057663259117129495,0.07412861457404374
4,0.0417864765399512,0.0726295303052751
