Epoca,Erro_Treino,Erro_Validacao
1,0.08189272760645731,0.08436821043903678
2,0.059348623239811535,0.07318730585688005
3,0.04863132879600968,0.06540804248562476
