Epoca,Erro_Treino,Erro_Validacao
1,0.11316339195191331,0.11693597379767305
2,0.07790765488297095,0.08695006375559668
3,0.06096095585095002,0.07322522582860194
4,0.05013134208900084,0.06605926953944802
5,0.04234065158398417,0.06191187075873292
