Epoca,Erro_Treino,Erro_Validacao
1,0.11499153270487852,0.1545664593220934
2,0.07744457456162537,0.1138179369642747
3,0.05908732851760814,0.09853491835887394
4,0.04814722596609576,0.08554377351814949
