Epoca,Erro_Quadratico_Medio
1,0.24795579601806472
2,0.24257712140699753
3,0.24436189584847287
4,0.24985409207584466
