Epoca,Erro_Treino,Erro_Validacao
1,0.20512805221987881,0.14589938057132484
2,0.10712273704904177,0.10688493643994382
3,0.07422062935336678,0.09489324272332053
4,0.05763973420270869,0.08888334678129643
5,0.04587934758521032,0.08455861318112623
