Epoca,Erro_Treino,Erro_Validacao
1,0.13050695756560438,0.17563359415223412
2,0.08743924404382361,0.15123842629357537
3,0.06285807564188721,0.13385329795516948
4,0.04740039825448684,0.12375238047271729
