Epoca,Erro_Treino,Erro_Validacao
1,0.11401370381311965,0.1465118691803241
2,0.0683508072811738,0.12100222083615203
3,0.05256512992129749,0.1153536896147834
4,0.040806481357148094,0.10812104361606346
