Epoca,Erro_Quadratico_Medio
1,0.2151723957095897
2,0.22282777101912715
3,0.23122014829801166
4,0.23150653139568256
