Epoca,Erro_Treino,Erro_Validacao
1,0.19286158186484306,0.16154091312622987
2,0.11187752404488313,0.1322546070059616
3,0.07482063948173824,0.11947831552617448
4,0.051412139268913304,0.10399503714837947
5,0.03624267486051869,0.09226640547557771
