Epoca,Erro_Treino,Erro_Validacao
1,0.07135454595346592,0.10392598854167726
2,0.046299240192903546,0.09573673028847146
3,0.030360256815379343,0.08842460228022929
4,0.02213409363353579,0.08643875319054967
5,0.01436710924595198,0.08366991525808798
6,0.011255734469038407,0.08236817675041899
7,0.008838007648151831,0.07881231266139724
