Epoca,Erro_Quadratico_Medio
1,0.21005004663110613
2,0.21261772105319612
3,0.2182411839512366
4,0.22437223897230982
5,0.22016701362738225
