Epoca,Erro_Treino,Erro_Validacao
1,0.1612958464327371,0.14023738537222133
2,0.07384840904098297,0.12500774106258394
3,0.04357999340245129,0.11344181249393326
4,0.027815902649002265,0.10019778573613032
5,0.018709510861592057,0.0860487985418786
6,0.012571517627073033,0.07913687925920453
7,0.009231743691702323,0.07650989060950937
