Epoca,Erro_Treino,Erro_Validacao
1,0.08210647054091531,0.12070787030994823
2,0.03806804205074903,0.08690857518025297
3,0.023691317991521438,0.07676198723001379
4,0.014663381511249879,0.06876307749188032
5,0.008577938178475861,0.06321351143329476
