Epoca,Erro_Quadratico_Medio
1,0.23881992424344028
2,0.23974942870528637
3,0.2396001050349042
4,0.23764489562954738
5,0.23580589521838674
6,0.23350044951590504
7,0.2381741676831733
8,0.24107592482882678
9,0.24747249823670386
10,0.24979885971484192
11,0.251862074100301
12,0.2524978272649927
13,0.2534785527188508
14,0.25575236294533477
15,0.25591317864234675
16,0.2576468017932425
