Epoca,Erro_Treino,Erro_Validacao
1,0.19586303021040344,0.20840652173870838
2,0.13464134703535938,0.16192578946620909
3,0.1008321142344352,0.13216224641842605
4,0.08334928336964666,0.1126982701302532
5,0.07280658428847117,0.10080757000421903
6,0.06509031633008092,0.09273257021825064
7,0.05894294905648551,0.086986628985075
8,0.05379032831177324,0.08285240680687841
9,0.049339879308869204,0.07965300860637242
