Epoca,Erro_Quadratico_Medio
1,0.24576310659797687
2,0.2464166309767037
3,0.25037973455665646
4,0.25170623158507965
5,0.25270790593533005
6,0.253758972301702
7,0.2547657838254085
8,0.25570261892546164
9,0.25659701422651393
