Epoca,Erro_Treino,Erro_Validacao
1,0.16729814068157026,0.18314988028075935
2,0.1258913917519619,0.1471247099397153
3,0.10235737167783301,0.1248518539875168
4,0.08599528633659594,0.11039334325346392
5,0.0741875617301178,0.09800869526514104
6,0.06587101247954609,0.08874195397977427
7,0.05895134949302887,0.08151937300438185
8,0.052693204346132505,0.07570835678374115
9,0.04775984657712985,0.07216260805344794
