Epoca,Erro_Quadratico_Medio
1,0.19315494570730626
2,0.18683520809727652
3,0.1846458061241593
4,0.1799774023245681
5,0.18288121420230433
6,0.18623724617930246
7,0.1886176363269044
8,0.1892242681032187
9,0.1902335483215062
10,0.19185789398994005
11,0.19308553717840765
