Epoca,Erro_Treino,Erro_Validacao
1,0.15690099937192495,0.15627865974342545
2,0.1115198874212907,0.11052989097295789
3,0.08416065840979908,0.08756928956504781
4,0.06745845244932978,0.07846374868077224
5,0.056602478790804406,0.07511242458367115
6,0.048727600266926206,0.07368893695095693
