Epoca,Erro_Treino,Erro_Validacao
1,0.15098808133381142,0.15798969123184953
2,0.11729685153061375,0.1332857954711853
3,0.09602173277788749,0.12048656925066101
4,0.08083790022210845,0.11339529239247743
5,0.06918720141454703,0.10814775852554862
6,0.059905238968272705,0.10290270282177331
7,0.05224492266954791,0.09761284849103884
8,0.045881513381087674,0.09279666151505252
