Epoca,Erro_Treino,Erro_Validacao
1,0.19071064319215866,0.18024168726162346
2,0.13659556550200302,0.1473225125685909
3,0.10839331274535677,0.1214664061056222
4,0.08771013341805392,0.10465248872038818
5,0.07150163704241264,0.09387181620090278
6,0.05913959892882932,0.08668372192373239
7,0.04984538120342565,0.08182524950815609
