Epoca,Erro_Quadratico_Medio
1,0.20098765063648819
2,0.19717581831014738
3,0.19909748387067472
4,0.2028937312048103
5,0.206887016810567
6,0.21035822491698603
