Epoca,Erro_Quadratico_Medio
1,0.2547107634846624
2,0.24707474935243093
3,0.24558675646517844
4,0.2445081320424602
5,0.24325906570439929
6,0.24178031126415267
7,0.24051258087016747
8,0.24090623201022626
9,0.24241377125784042
10,0.2443862586084224
11,0.2465168822588549
12,0.24859355319273627
13,0.2505460372535038
14,0.2523557614117209
15,0.25404268168621125
16,0.2557162933093799
17,0.2574900924219138
18,0.2593198884555481
