Epoca,Erro_Quadratico_Medio
1,0.21934993854525858
2,0.2064803883626488
3,0.1982257900734646
4,0.19588366078591057
