Epoca,Erro_Treino,Erro_Validacao
1,0.12957527300277086,0.1614874113192872
2,0.09425092858692277,0.14885761138584955
3,0.077791935307352,0.1459195720462499
4,0.06311954615845734,0.13577689079702063
5,0.04861821960641982,0.12132708470460399
