Epoca,Erro_Treino,Erro_Validacao
1,0.19745397783128976,0.1910056114672191
2,0.1218960919251022,0.16736428528479796
3,0.08218588201210453,0.14961184258308202
4,0.05972119048801108,0.1322198201278451
5,0.0459714513876488,0.117507730988534
