Epoca,Erro_Treino,Erro_Validacao
1,0.10718485060128254,0.1341089408941305
2,0.07286414435403876,0.11426072562254849
3,0.05455657879679455,0.10233161618121957
4,0.04303740025144786,0.09072692205898424
