Epoca,Erro_Quadratico_Medio
1,0.22389179089058062
2,0.20290766781877453
3,0.19860914439791677
4,0.19509188782792494
5,0.1907116731070832
6,0.18723234499674776
7,0.18597740696637793
8,0.1869124689647234
9,0.18916783914650245
10,0.19163144932167184
11,0.19311845302043965
12,0.1945014167156786
13,0.196222332995088
