Epoca,Erro_Treino,Erro_Validacao
1,0.11751637330699359,0.1455012712408044
2,0.07517865941489744,0.11241351232506294
3,0.05374089540216231,0.09530581247199406
4,0.040236891852081444,0.08449751089679722
5,0.030488084668157747,0.07837304905659492
6,0.02286905619679449,0.07411153413690486
7,0.017437671741049578,0.07126661242983845
8,0.013713553101065607,0.06960660522818721
9,0.0111274835639212,0.06843676817558263
10,0.009420083274032811,0.0678349694215732
