Epoca,Erro_Quadratico_Medio
1,0.26457089898087455
2,0.25485255431772835
3,0.2559547922021726
