Epoca,Erro_Treino,Erro_Validacao
1,0.07744104997859301,0.09987378042450169
2,0.046842440890762546,0.0701904414807112
