Epoca,Erro_Treino,Erro_Validacao
1,0.07389790599381932,0.0989501621111139
2,0.050895704123526196,0.0886493566278977
3,0.032711765494475485,0.0816360048205418
