Epoca,Erro_Treino,Erro_Validacao
1,0.14745569833992975,0.09903131286978714
2,0.06527246325288683,0.08224304980060998
3,0.04267786883398907,0.06962374496114723
