Epoca,Erro_Quadratico_Medio
1,0.21932191137747142
2,0.2190352200512335
3,0.22304058475186672
4,0.22820233195288134
5,0.2316842842336533
6,0.23312703685905745
7,0.23180643912056656
8,0.22804253154171458
9,0.2241210573019182
10,0.22157509889874638
11,0.21967715094235507
12,0.21804164867418882
13,0.21625648552209503
14,0.2136553784538863
15,0.21016724157692535
