Epoca,Erro_Quadratico_Medio
1,0.21705093362356911
2,0.23055223421917354
3,0.23250590749001174
4,0.23868718517204557
5,0.24418213379318132
6,0.24666579647217635
7,0.24827882394315015
8,0.2536458751360596
9,0.2589813342195955
10,0.2632068024588811
11,0.26617315536888286
12,0.265383071920807
13,0.2641198742786264
14,0.2626151241662063
15,0.2619737075167795
16,0.262067674739059
17,0.26354132756317816
18,0.26469406405209545
