Epoca,Erro_Treino,Erro_Validacao
1,0.13570456691947477,0.11505695831707444
2,0.06466131529908652,0.10951798009995788
3,0.039144532400769934,0.09864763706317371
4,0.02529284262256819,0.08531845626074729
5,0.017088742795309603,0.0765153758934412
6,0.01184604894730392,0.07166822585162617
7,0.008378436921058371,0.06801347870481991
8,0.006118182602511956,0.06512527884732873
9,0.0047526053076692555,0.06328983787427701
