Epoca,Erro_Treino,Erro_Validacao
1,0.08714280212850634,0.11319686682588381
2,0.06269223944189242,0.1089678963256209
3,0.05059746160147274,0.1020703829718691
4,0.03454451379515797,0.09116751600557
5,0.024105892087762107,0.08312720470927613
6,0.017927694377912157,0.08114788160196028
7,0.014048636775971035,0.07802141211923483
8,0.00941725218150005,0.06975497758253064
9,0.006141473151812106,0.06593022251365736
10,0.004373961109961962,0.06479096681865891
