Epoca,Erro_Treino,Erro_Validacao
1,0.10445052524514922,0.14547120260421717
2,0.06319876478835502,0.11569040809332892
3,0.04547525783200015,0.101635056086299
4,0.03127780328236743,0.09106791624502425
5,0.019120324007290142,0.07886540130722107
6,0.012576100723850233,0.07086748499857487
7,0.008800011759093968,0.06635557777549816
8,0.006187064014182705,0.06443079125787045
9,0.004232657572670143,0.061554300601232466
