Epoca,Erro_Quadratico_Medio
1,0.20244090156215064
2,0.21513041139270378
3,0.21486258124537494
4,0.2101354709051648
5,0.20988847317248613
6,0.20979347983039862
7,0.21193717418539162
8,0.21501504980921388
9,0.21641717263538052
10,0.2186464296225775
