Epoca,Erro_Treino,Erro_Validacao
1,0.176315253655642,0.18782068304137398
2,0.14556342961346894,0.16137261555979177
3,0.12001843983842173,0.14084730588209893
4,0.09889502652020624,0.12430003637505678
5,0.08282721897275368,0.11100524728736968
6,0.07062106775837956,0.10022683219077892
7,0.061399460303299624,0.0915189599804334
8,0.0543313840919116,0.08503495658242703
9,0.04868108844753878,0.08026208949182916
