Epoca,Erro_Quadratico_Medio
1,0.19521672802388187
2,0.18592468773255033
3,0.17922471092502085
4,0.17402571192664423
5,0.16947991031963947
6,0.16639644850873175
7,0.16470935579693632
8,0.1639517350003084
9,0.16363297935245172
10,0.16355321833618916
