Epoca,Erro_Treino,Erro_Validacao
1,0.16889688645694087,0.18256182629538115
2,0.14211752683595963,0.15984096874413703
3,0.12066209168085844,0.13879585834538147
4,0.10209223461038278,0.12432353316026098
5,0.08696862440531376,0.11779432837676276
6,0.0750372662368492,0.11334145224923045
7,0.06596556672928798,0.10873037580457397
8,0.059121241222758567,0.1042009054886832
9,0.053312735220866735,0.09975814065687796
10,0.04820751189310744,0.09559860355632827
