Epoca,Erro_Treino,Erro_Validacao
1,0.1822481247874971,0.14756702009003164
2,0.13763316797935912,0.12710287441703721
3,0.1086337934147518,0.1135485226294276
4,0.08958637370398224,0.10452155721569302
5,0.0763313572169834,0.09867915003601462
6,0.06654180455075187,0.09459577009035477
7,0.05899841358147034,0.09165224359140982
8,0.052686705524677406,0.08927735624912585
9,0.0471657868058156,0.08687203065080025
