Epoca,Erro_Quadratico_Medio
1,0.23224510485422273
2,0.21952339302396293
3,0.2147844450599998
4,0.21212778653154618
5,0.21023166948531452
6,0.20849576307128476
7,0.2069184234152954
8,0.20552418610031198
9,0.20430333386443805
10,0.2032708552490293
11,0.20248409413880059
12,0.20199480867681732
13,0.20178240011913998
14,0.2017952063625037
15,0.20198628420364134
16,0.20230554131517922
17,0.20269884782733935
