Epoca,Erro_Quadratico_Medio
1,0.24975728870753597
2,0.25620415838326105
3,0.2711042487908549
4,0.27898770255200434
5,0.28664152280388056
6,0.29385370627249785
7,0.2992089001610944
8,0.29990525377115007
9,0.29868461111437394
10,0.29656109866349395
11,0.29461444912035667
12,0.29235456001932625
13,0.29032118868505186
14,0.28955165299742164
15,0.28930572010940697
16,0.28894056272242363
17,0.2884908581675528
18,0.2879039048280152
19,0.28717807370574866
20,0.2863634128455972
