Epoca,Erro_Treino,Erro_Validacao
1,0.08548211613566102,0.10528511442918351
2,0.04847106546465039,0.07957351710240207
3,0.03068134396457589,0.07245388763726246
4,0.022908213856265926,0.06810661639020757
5,0.01711459594330675,0.06308599881819633
6,0.010282101094639062,0.054262097836837525
7,0.006186847445423052,0.048328658446661
8,0.003967910796128848,0.04397992758915084
