Epoca,Erro_Quadratico_Medio
1,0.2109600643684421
2,0.2221482298054963
3,0.23141526770542378
4,0.23468408543365796
5,0.2357495954157945
6,0.23503817869397545
7,0.23169706701160736
8,0.22913175320585588
9,0.22649736054939085
