Epoca,Erro_Treino,Erro_Validacao
1,0.09978925532433948,0.13194755699220073
2,0.07040763048488739,0.12794003437806872
3,0.056312978267569196,0.12899981789523882
4,0.042273736769698665,0.11944397977143688
5,0.031222180962903582,0.11138414561458629
6,0.01961496208787433,0.1032590382321028
7,0.012307227792100693,0.09536697083261685
8,0.007179041317770642,0.08815517285193517
9,0.004882072952247301,0.08179653271261353
