Epoca,Erro_Treino,Erro_Validacao
1,0.1496389611562487,0.1283348297200304
2,0.06278972642227042,0.11590058135504484
3,0.036708556893128144,0.10442592085023542
4,0.02255779117356136,0.09736546222615478
5,0.014696432286469318,0.09538616905514587
6,0.010341314742281714,0.09381214581511779
7,0.007453616937305446,0.09229440932921606
8,0.0054340299053315085,0.09068123401772267
9,0.004131456649250909,0.0891439147599484
