Epoca,Erro_Treino,Erro_Validacao
1,0.15246965304621404,0.12999725671737594
2,0.06924889015208963,0.10704841773072678
3,0.039227415153860176,0.09495426596179
4,0.023706569578360655,0.08296375518023864
5,0.015165454504917998,0.07396846193428859
6,0.01044239035363036,0.06998480322036159
7,0.007864015493739234,0.06845342809722055
8,0.0054377590578091025,0.06763196479495565
9,0.003891214129057339,0.06667867414264587
