Epoca,Erro_Treino,Erro_Validacao
1,0.09164521974461703,0.10108824584973579
2,0.05476889523357474,0.09399696895068865
3,0.0391271177580029,0.09008153844904945
4,0.02700062901833419,0.08118435437815222
5,0.014883720510506892,0.07053563787348847
6,0.008668177121446642,0.06603671574596608
7,0.006100867556694723,0.06466679052056738
8,0.004827002851169314,0.06386239281570331
