Epoca,Erro_Treino,Erro_Validacao
1,0.09095232155916672,0.11491429182900019
2,0.06009974397856806,0.10331203638743877
3,0.043848238842177124,0.08735193555444969
4,0.029289394102076708,0.07504999859174306
5,0.01735026322775726,0.0642815596101446
6,0.010448689932155393,0.05980214590872139
7,0.0067234783476159445,0.05813538988481413
8,0.004403787943490323,0.056651499908101095
