Epoca,Erro_Quadratico_Medio
1,0.23786016196605178
2,0.2345513071609758
3,0.23362216419441684
4,0.23164822784822714
5,0.22272660178793105
6,0.21786671730037316
7,0.21765283049396755
8,0.21859642237896318
