Epoca,Erro_Quadratico_Medio
1,0.18122957072646032
2,0.17407601180520735
3,0.17628527668794214
4,0.1797481174493798
5,0.1813145078290308
6,0.18236828441243694
7,0.18461878553268965
8,0.18707692565723447
9,0.18933690744073484
10,0.19160271546832863
11,0.19373987154478142
12,0.19631635452240134
13,0.19909852255316715
14,0.2014624369872053
15,0.20336356378182502
16,0.20489855075384852
17,0.2061234927196311
18,0.20715880405088444
