Epoca,Erro_Quadratico_Medio
1,0.23427181018205034
2,0.23321204933207113
3,0.23254690979843481
4,0.2299588403634906
5,0.22738086360415605
6,0.2219648858431251
7,0.21544890192518934
8,0.21022482291291075
9,0.206558774442568
10,0.20406608372433913
11,0.20230861722980323
12,0.20098947298985184
