Epoca,Erro_Treino,Erro_Validacao
1,0.16767995414428197,0.11679928199992816
2,0.08522518095732624,0.09616344842201321
3,0.05513288357304641,0.08302215469435871
4,0.0389566977535926,0.07639017432191798
