Epoca,Erro_Quadratico_Medio
1,0.25004409554673845
2,0.24400246125469097
3,0.2476445382053074
