Epoca,Erro_Treino,Erro_Validacao
1,0.09669692431810584,0.12189773317058575
2,0.07295985667228543,0.11232643544351596
3,0.053542340107168684,0.1072294573869814
4,0.03589045240802541,0.09498700073005104
