Epoca,Erro_Treino,Erro_Validacao
1,0.09597403447807223,0.10897887800876553
2,0.06949129960948482,0.08799410584883446
3,0.04623687504184855,0.07511726121039156
