Epoca,Erro_Quadratico_Medio
1,0.16700674666867174
2,0.16252729401785065
3,0.1640055286401375
4,0.15339894239133184
5,0.14457065546164447
6,0.13739722795646644
7,0.13282408929497141
8,0.1334237597251376
9,0.1351137925728868
10,0.1365380139579994
11,0.13486694235145638
12,0.13470224046718687
13,0.136116139325108
14,0.13727875615877325
15,0.138780810197447
