Epoca,Erro_Treino,Erro_Validacao
1,0.1383144462301005,0.17954844847754392
2,0.09925073919530361,0.1360174981261702
3,0.08009260766522251,0.1161314452334628
4,0.06699094843372153,0.1046129086366134
5,0.056963935915519924,0.09719128030345077
6,0.04893282126173515,0.09191117806710866
