Epoca,Erro_Treino,Erro_Validacao
1,0.24412317898453326,0.1726004266506875
2,0.14247128667322578,0.1211932956318897
3,0.10142550468317442,0.0983529730277546
4,0.0790813619177401,0.08735323997409301
5,0.06455204405235566,0.08109784074057982
6,0.05414691515988132,0.07696121982415889
7,0.04631307098011024,0.07406887650996657
