Epoca,Erro_Quadratico_Medio
1,0.2556166536422157
2,0.23893166094926685
3,0.2323928595215732
4,0.22992382139884396
5,0.22951323127386658
6,0.23023318568169465
