Epoca,Erro_Treino,Erro_Validacao
1,0.1282063406883154,0.14470601377358283
2,0.09694508851118745,0.1160810295539121
3,0.07918893111598116,0.10071537930906359
4,0.06671311875409594,0.09098701494449705
5,0.05735688123677275,0.08450678716032106
6,0.05021587136871358,0.0798558391160829
7,0.04459987070061625,0.07635858334217985
