Epoca,Erro_Treino,Erro_Validacao
1,0.1323262014661682,0.15020117483533524
2,0.09518413809892738,0.1262536025066016
3,0.07648491616670379,0.12121190451122472
4,0.06279781997661271,0.11903947801768938
5,0.049823118929289895,0.11390534210361723
