Epoca,Erro_Quadratico_Medio
1,0.21730559484119535
2,0.20172970059492193
3,0.18969334140932795
4,0.180828469545707
5,0.17489506584835118
