Epoca,Erro_Treino,Erro_Validacao
1,0.12125757391370467,0.15488209373413508
2,0.08310044506460798,0.14397780892531697
3,0.0645757740494451,0.13891461218285256
4,0.051014346683942446,0.1300288456115061
5,0.03942310265035531,0.11910203529404809
