Epoca,Erro_Treino,Erro_Validacao
1,0.1600831430594258,0.12572567323206396
2,0.0794149782675981,0.10554453380993153
3,0.055062304262321504,0.09723577937207317
4,0.03981206639912618,0.09196394910009166
