Epoca,Erro_Quadratico_Medio
1,0.22216664866062083
2,0.22061713751924758
3,0.22045599593578716
