Epoca,Erro_Treino,Erro_Validacao
1,0.08869996889113506,0.09075238748929482
2,0.051509451508885515,0.06494298896004169
3,0.035626196754182146,0.058036222723182505
