Epoca,Erro_Treino,Erro_Validacao
1,0.07798095811652385,0.09139889621037661
2,0.04911613054461906,0.08096053341030927
