Epoca,Erro_Treino,Erro_Validacao
1,0.14904738515329963,0.09524809832649711
2,0.06884096751023039,0.0816121735617579
3,0.04658670768362708,0.07573950500074396
