Epoca,Erro_Treino,Erro_Validacao
1,0.2130079933442295,0.16610445499113385
2,0.1187269555167546,0.12175638890994292
3,0.0913561087239661,0.10150860859401734
4,0.07560275145414147,0.08891600756040416
5,0.06461080475006929,0.08022127692157546
6,0.05622851032297215,0.0741810132193138
7,0.04961085361188165,0.06987186262801237
