Epoca,Erro_Quadratico_Medio
1,0.2901210346473047
2,0.2810204174423036
3,0.27682258003406707
4,0.274796761225691
5,0.2740504998772789
6,0.2738430705933653
