Epoca,Erro_Treino,Erro_Validacao
1,0.12770352992549022,0.14218100106001058
2,0.09135298690094597,0.1060475311400152
3,0.07363250491048026,0.09104475407546342
4,0.06272978934896613,0.08348320992954551
5,0.053745376889177764,0.07859760856117876
6,0.04663394746284089,0.07519394334416661
