Epoca,Erro_Treino,Erro_Validacao
1,0.14014305394478171,0.166943024069481
2,0.10053207819811001,0.12287914917691181
3,0.08032131389494138,0.10224754774672436
4,0.06668659323660843,0.08903835066771051
5,0.056353934768070525,0.07915940787673305
6,0.048299483864411186,0.07164836398130259
