Epoca,Erro_Quadratico_Medio
1,0.2046906357042401
2,0.18545682931733226
3,0.1768955555773189
4,0.17090112765251586
5,0.1668097327348411
6,0.16441862738805502
