Epoca,Erro_Treino,Erro_Validacao
1,0.13114442009319804,0.17021716453539118
2,0.09444450729996184,0.14057009660047198
3,0.07606410070276126,0.1250775276514243
4,0.06366675821407022,0.11356520670635317
5,0.054176701024589755,0.10554654293253897
6,0.046532817262169845,0.09992198387899993
