Epoca,Erro_Treino,Erro_Validacao
1,0.19772098855468442,0.17771800985993258
2,0.1356756913155709,0.1442448052656256
3,0.10192920794343265,0.1275972863150155
4,0.08008278942255942,0.11821067750232352
5,0.0643683499650481,0.11095341576999378
6,0.05293823142117559,0.1046472775261395
7,0.044490070808987744,0.09939901468027622
