Epoca,Erro_Treino,Erro_Validacao
1,0.13882308122378542,0.15673058910644855
2,0.10201590508955519,0.13040317236879603
3,0.08242878568921239,0.11812446968038692
4,0.06841505977362951,0.10994298516309688
5,0.058258778589673835,0.10451618971822271
6,0.05001411340187448,0.09941101329817284
7,0.04293674213702936,0.09443348588677825
