Epoca,Erro_Quadratico_Medio
1,0.17897641284007618
2,0.169251583760223
3,0.16519038368739247
4,0.1652184729894399
5,0.1672276649542658
6,0.16942280414670857
7,0.17093063661886962
8,0.1719053088176675
9,0.17213962763556756
10,0.17196606440153436
11,0.17163508215400633
12,0.17136519962648644
13,0.17130670272128676
14,0.17151859514304055
15,0.17196861233862532
