Epoca,Erro_Treino,Erro_Validacao
1,0.12475679218489771,0.13410513697435064
2,0.08415913758911304,0.09545540259817761
3,0.06593463354063214,0.08000977514664687
4,0.05526885731765203,0.07473818687969852
5,0.04646361932727583,0.07007132662347608
