Epoca,Erro_Treino,Erro_Validacao
1,0.2171539044958219,0.15936576213127465
2,0.12159636641732198,0.11872473805285633
3,0.08862002907340247,0.10674338137243071
4,0.06988542949199378,0.10068149680695616
5,0.05811391927526625,0.09560826666948007
6,0.05007242930722117,0.09079011079073093
7,0.04362236245462334,0.08748659111119832
