Epoca,Erro_Quadratico_Medio
1,0.22756581144441687
2,0.22721375122622792
3,0.23590008005071877
4,0.2458888998431344
5,0.2558489039574338
