Epoca,Erro_Treino,Erro_Validacao
1,0.11538304538037986,0.11690651367768551
2,0.08647673205094249,0.08838283316718441
3,0.06770788474581048,0.07119271381218881
4,0.05575302836424801,0.06390254858568377
5,0.04661338966336699,0.060177398804422945
