Epoca,Erro_Treino,Erro_Validacao
1,0.15249862937961967,0.17707758241473956
2,0.12188314493301604,0.15295173461589448
3,0.10017131614209622,0.13529711279865486
4,0.0842356027572928,0.12312619397832392
5,0.07170771919711724,0.1132068948646152
6,0.062148993366635506,0.10499796704347883
7,0.05494771323724132,0.09898186069608693
8,0.04894769254491918,0.09485794826800181
