Epoca,Erro_Treino,Erro_Validacao
1,0.1913054148880715,0.1990823919174143
2,0.15563215387417265,0.1793268656357836
3,0.12919088331139028,0.16364270012327517
4,0.10698187701573354,0.1444685986445972
5,0.08703974414082966,0.1216841630102608
6,0.07061169074444103,0.10173865085406111
7,0.05888298506318579,0.08967939348015838
8,0.04962054384019072,0.08139753607830547
