Epoca,Erro_Treino,Erro_Validacao
1,0.18582559093419665,0.1725567452495687
2,0.12895451563289323,0.14843793002583527
3,0.09992144060310519,0.13148498349122015
4,0.08045449999967433,0.11852318664988074
5,0.06636720087471641,0.10877195393694641
6,0.05582928274348295,0.10108771454120166
7,0.047496591568410046,0.09436906733830784
