Epoca,Erro_Quadratico_Medio
1,0.2343703703792072
2,0.2233126386312438
3,0.21599292277301668
4,0.21132548150827613
5,0.20705093902119606
6,0.20307883810810923
7,0.2002259906541131
8,0.19848532343883898
