Epoca,Erro_Treino,Erro_Validacao
1,0.08768978844637872,0.10598509397326067
2,0.05598653154258998,0.08220279853583468
3,0.040071394911748916,0.07954572623459628
