Epoca,Erro_Quadratico_Medio
1,0.208678097978361
2,0.21088027239985443
3,0.22347032307465534
