Epoca,Erro_Treino,Erro_Validacao
1,0.14630918436581572,0.0838959411887223
2,0.07148502323285763,0.08207601418417346
3,0.049487680104752636,0.07614492814507075
