Epoca,Erro_Treino,Erro_Validacao
1,0.07693729711799621,0.09875362786835798
2,0.051535757921751545,0.07897630522822881
3,0.03932408976405259,0.0649557605017705
