Epoca,Erro_Treino,Erro_Validacao
1,0.18552544861851533,0.1520743446757073
2,0.12257878457638326,0.13308721835892803
3,0.08578638838137664,0.12057460626910407
4,0.06628934573600476,0.11395869543353195
5,0.05273953446527963,0.11121703101875409
6,0.0431413894719394,0.10942016631777746
