Epoca,Erro_Quadratico_Medio
1,0.1831949446382633
2,0.1838524365696147
3,0.19108877861527362
4,0.1920056448930171
5,0.18885536705480674
