Epoca,Erro_Treino,Erro_Validacao
1,0.14416905354627674,0.1515524655626433
2,0.102589848019226,0.12347281285857617
3,0.07749039258694465,0.11032542518202422
4,0.061215979688158235,0.10290225917783725
5,0.05201102643463083,0.1003874019294922
6,0.04338567468579382,0.09588235371219353
