Epoca,Erro_Treino,Erro_Validacao
1,0.12620188744231559,0.14190021872934636
2,0.08678865293932275,0.10441767673905789
3,0.07059209766082956,0.093398736018416
4,0.05541199830990208,0.08614820467045475
5,0.04381158870813808,0.08078168165220712
