Epoca,Erro_Quadratico_Medio
1,0.237666575248507
2,0.2178594255007442
3,0.2040852337801094
4,0.1936005947790479
5,0.1868137670039078
6,0.18215876215138063
7,0.1788213689556679
8,0.17663657248117864
9,0.17538863111748515
10,0.17481572154575808
11,0.17469862922869098
12,0.17483426486638984
13,0.17504007176061404
14,0.17519158483733038
15,0.175252125313646
16,0.1752495405639069
17,0.17521696255152724
