Epoca,Erro_Quadratico_Medio
1,0.22721461619612224
2,0.21907553442978772
