Epoca,Erro_Treino,Erro_Validacao
1,0.06866821113891458,0.10033564331440664
2,0.04437626715731521,0.08004801093624196
