Epoca,Erro_Treino,Erro_Validacao
1,0.1511325677507057,0.09437740262841218
2,0.07211049454017096,0.07408963896962084
3,0.04950605478732276,0.06778913500822722
