Epoca,Erro_Treino,Erro_Validacao
1,0.07923007325171422,0.08789440789165218
2,0.047926564002368124,0.06433276732312646
