Epoca,Erro_Quadratico_Medio
1,0.21449043488314962
2,0.23305694030030838
3,0.2377561941494131
4,0.24367510699992742
5,0.24401173113149138
6,0.23237356677179483
7,0.2231536724576137
8,0.2191955534852209
