Epoca,Erro_Treino,Erro_Validacao
1,0.0778812317315247,0.1228849523790005
2,0.06519027881608251,0.12467893499779688
3,0.050600337562458186,0.11582670786380592
4,0.040984431079734845,0.11137760162720259
5,0.03180573675659241,0.10475118310826474
6,0.019535749892332983,0.09415303895400173
7,0.010258725492197146,0.0817532149176719
8,0.006162449696915621,0.07527387534555094
