Epoca,Erro_Treino,Erro_Validacao
1,0.18077938188332723,0.14224286073835646
2,0.08243064596762964,0.12586356597373327
3,0.045245722885878366,0.1175781373688643
4,0.02847189235401619,0.10445111919974381
5,0.01921440234558007,0.09351418517893456
6,0.013306106304894524,0.0855297609234412
7,0.009937603221823634,0.07895821007173522
