Epoca,Erro_Treino,Erro_Validacao
1,0.0831310938354531,0.12645565161992908
2,0.05706740253212558,0.11417669253825123
3,0.052220243690345655,0.11171129093053464
4,0.04272909263316166,0.10048704184672765
5,0.026335158797992024,0.08261208166997183
6,0.017312638855216257,0.07282553527726694
7,0.010787689796388979,0.06871977488377883
8,0.006924500486414447,0.06593959333988358
