Epoca,Erro_Quadratico_Medio
1,0.17899180724866878
2,0.16356118815390855
3,0.15992616605345392
