Epoca,Erro_Treino,Erro_Validacao
1,0.09156583907969588,0.1362279432178661
2,0.06743744676039044,0.13550738853923439
3,0.050497265559878705,0.12648596117418492
4,0.040744034537762104,0.11715188337029327
