Epoca,Erro_Treino,Erro_Validacao
1,0.1094170502178074,0.16195106958122624
2,0.0696928088477628,0.1450247151753477
3,0.04798008256069864,0.1212446434598688
