Epoca,Erro_Treino,Erro_Validacao
1,0.1589768698929368,0.13941769961087944
2,0.08428359754734814,0.1269251702724079
3,0.057715492215515654,0.11926201195844757
4,0.04104403702194831,0.11582984580429422
