Epoca,Erro_Treino,Erro_Validacao
1,0.17542400787433923,0.12818855199622525
2,0.09181299848320162,0.10836099254316864
3,0.05686418907321439,0.09409550055111689
4,0.039541905898675796,0.08362400662461504
5,0.02902963113089146,0.07907774041016155
6,0.022000960595737265,0.07373740002300168
7,0.016956591900972616,0.07056458365033183
8,0.013060840125736448,0.06993687749710731
9,0.009877102209827937,0.06843596541943277
