Epoca,Erro_Quadratico_Medio
1,0.2248592870268509
2,0.23087228862158965
3,0.23771418893698623
4,0.24233897709137317
5,0.2433532583203594
6,0.2321829729134468
7,0.2293993394478616
8,0.22633911963037043
9,0.22309537710402724
10,0.22432649910384592
11,0.2241037898464853
