Epoca,Erro_Treino,Erro_Validacao
1,0.09269691411133904,0.13196470485302608
2,0.0702797089605804,0.12548056290929063
3,0.06464681754641122,0.13030716221378585
4,0.06415326184920458,0.13842987476746677
5,0.05392390173724679,0.1331961199641376
6,0.03498345011740051,0.11462152116701706
7,0.024584168660462893,0.1053678322187572
8,0.01815975012653741,0.09589717359340184
9,0.012878378660221372,0.0880359037626281
10,0.010260543223509383,0.08497192765568787
11,0.008475882977662743,0.08173675294851229
