Epoca,Erro_Treino,Erro_Validacao
1,0.15033921740514222,0.11671913769669912
2,0.06637757660883581,0.11282475469410402
3,0.038972089131264195,0.09704427490109153
4,0.025288955931259027,0.08414785068914421
5,0.017060969032469876,0.07177575360334096
6,0.011939279441382683,0.06675012563370894
7,0.008746570948155308,0.06487247865113116
8,0.006700541200215897,0.06393260867433839
9,0.005172307095494209,0.06244457849683038
10,0.004049701917068462,0.06023069505628507
