Epoca,Erro_Quadratico_Medio
1,0.18504471158954094
2,0.1768170966094202
3,0.17999114494442844
4,0.18811587130668547
5,0.19221538074455122
6,0.1939641081986921
7,0.193265000408929
8,0.19378720279261336
