Epoca,Erro_Treino,Erro_Validacao
1,0.07477730328073162,0.11503397918953409
2,0.0512005825406092,0.11403405624600911
3,0.03762348401584808,0.10749445174983524
4,0.02767848921130112,0.097208933485231
5,0.01904715288945707,0.08689142377599192
6,0.012516892863713967,0.07885889609970159
7,0.007814956543888462,0.07472516345876179
8,0.005282485717979578,0.07311296689611475
9,0.0040954654493589515,0.07263330530851231
