Epoca,Erro_Treino,Erro_Validacao
1,0.08188151433077627,0.11406277199892015
2,0.05296631230054222,0.08822032827672752
3,0.0330658940869881,0.07562652856956652
4,0.024179996888435442,0.07034468635089276
5,0.017943020408709508,0.0647660889547546
6,0.011112856787254132,0.06015459159832221
7,0.006870105866325137,0.05821005546518244
8,0.004716900209794991,0.05737620017171798
