Epoca,Erro_Treino,Erro_Validacao
1,0.17143882843379574,0.16030843128279237
2,0.12988713892247733,0.12698538870624246
3,0.09929115185150038,0.10483741439652018
4,0.07958485327898329,0.09037893151680991
5,0.06612320293938584,0.08040979310085918
6,0.05606505298090424,0.07361687493098353
7,0.04845784660213605,0.06884420334718151
