Epoca,Erro_Quadratico_Medio
1,0.22092830422251056
2,0.2147919724091859
3,0.2156685553020014
4,0.21811100422205362
5,0.2206325103546453
6,0.22272049955281598
7,0.22431967556812302
