Epoca,Erro_Treino,Erro_Validacao
1,0.1616788291483353,0.17291419623272772
2,0.12904511695984006,0.1440814155137799
3,0.10507853931180876,0.12534170265531638
4,0.0866972514988578,0.11348384640433357
5,0.07271910764018454,0.10388471103172466
6,0.061713268918633046,0.09658215546291678
7,0.0533256448880997,0.09098198717160198
8,0.04677314362096462,0.08654023916547056
