Epoca,Erro_Treino,Erro_Validacao
1,0.15967677322596455,0.13032132256019877
2,0.0631941314464183,0.1058114277018787
3,0.039564457655546996,0.09650352134141801
4,0.028225839752677975,0.09242805523832413
5,0.021621055878805022,0.09067781503170595
6,0.01804065670737446,0.09334114127587656
7,0.015578399643178125,0.09515149297431157
8,0.013385401676846976,0.0967009371453222
9,0.011493109317872634,0.09618201242426096
10,0.009810051161888886,0.0944340819210894
