Epoca,Erro_Treino,Erro_Validacao
1,0.08163142215127157,0.0977450021021826
2,0.04924170012218221,0.08953859078327837
3,0.03435099707010945,0.08242703317744234
4,0.022865734879395003,0.07317131876491736
5,0.0167757329407277,0.07063609174371062
6,0.013461463588939116,0.07058583386427163
7,0.011195351356091211,0.0712369101219799
8,0.00963999282227075,0.07156925910861033
