Epoca,Erro_Quadratico_Medio
1,0.23984098037774015
2,0.24472458058199897
3,0.25181485488203315
4,0.26053437024981274
5,0.26708494864662385
6,0.2709329838136271
7,0.27401747254244235
8,0.27715914138997944
