Epoca,Erro_Treino,Erro_Validacao
1,0.08886021339282703,0.13044247502979908
2,0.054925920297721975,0.10523452383484531
3,0.04099167250950066,0.09484103272218268
