Epoca,Erro_Treino,Erro_Validacao
1,0.08476439159848735,0.11284496564932377
2,0.0531003200505762,0.1020152893415013
3,0.03600175384222894,0.09079685652667734
