Epoca,Erro_Treino,Erro_Validacao
1,0.17602812965602407,0.14470896084241675
2,0.09220547116668057,0.15728583091403228
3,0.05538391411583634,0.13956886700328427
4,0.03718488543897216,0.11182398807270057
