Epoca,Erro_Quadratico_Medio
1,0.1806769794462269
2,0.17747903187749
3,0.1689844000933415
