Epoca,Erro_Quadratico_Medio
1,0.20200037704540572
2,0.18406595067112935
3,0.1699996109814277
4,0.1620527681251762
5,0.15674933913369013
6,0.15456551688386763
7,0.1551957270108546
8,0.1562880028470681
9,0.15823426270141178
10,0.16167629944439074
11,0.16569028346264858
12,0.16916607545291154
13,0.17169420213618858
14,0.17339663360446614
15,0.1751578817689308
