Epoca,Erro_Quadratico_Medio
1,0.1860881856066462
2,0.18389424022276193
3,0.18722698286286252
