Epoca,Erro_Treino,Erro_Validacao
1,0.08693417135078883,0.13138099623567348
2,0.05531892363096875,0.13316896596932445
3,0.044435178401405824,0.12306181091508545
