Epoca,Erro_Treino,Erro_Validacao
1,0.15912659901427292,0.1141449276648248
2,0.07394977805166321,0.10274703441346056
3,0.04134239269813885,0.09423980582547951
