Epoca,Erro_Treino,Erro_Validacao
1,0.09671361551796613,0.12388982240536678
2,0.06308739754178255,0.10827438015320837
3,0.04740953982407548,0.10444929045067458
