Epoca,Erro_Quadratico_Medio
1,0.2597628254905882
2,0.26441113322648685
3,0.27362187099024393
4,0.28664863551802294
5,0.297699194578151
6,0.30666249933802897
7,0.3142886598991661
8,0.32085553502073677
9,0.3265906833622943
10,0.3314987906623349
11,0.3355698741083741
12,0.3390192570449021
13,0.3421166397092281
14,0.3450459226524121
15,0.3478861182182893
16,0.3505333892069455
17,0.35291129428968115
18,0.3547250610624613
19,0.3558451915976099
20,0.3566379721161844
