Epoca,Erro_Treino,Erro_Validacao
1,0.2121526266888517,0.18780626748072216
2,0.12665847370440056,0.15139455723504303
3,0.08180916164118701,0.15037862599251883
4,0.058374977742804535,0.14514177550794022
5,0.04373312763438287,0.1273670636379843
