Epoca,Erro_Treino,Erro_Validacao
1,0.1348241917987084,0.1617891134436907
2,0.08486577147814856,0.12522753595588892
3,0.05981952295158339,0.10953750606890145
4,0.0457965494906059,0.10039755408744215
