Epoca,Erro_Treino,Erro_Validacao
1,0.13780934318522473,0.16658377982818315
2,0.08644729289300937,0.11338612140306602
3,0.06458843814266349,0.10284953956061586
4,0.04856347756802232,0.09434240274590987
