Epoca,Erro_Quadratico_Medio
1,0.21272421012483247
2,0.2120294008012468
3,0.22151789956110368
4,0.22568277189454777
