Epoca,Erro_Treino,Erro_Validacao
1,0.16797058832715916,0.11132050600860144
2,0.08454053067016014,0.09018801643203031
3,0.060360488472547366,0.07809260140917833
4,0.045017325608240885,0.07029246127711357
