Epoca,Erro_Quadratico_Medio
1,0.24806153099943803
2,0.24314698977968868
3,0.24117228885085662
4,0.24197673249477833
