Epoca,Erro_Treino,Erro_Validacao
1,0.10791489168588687,0.10924089726435296
2,0.07284561156973787,0.08312717292711876
3,0.05484300855605101,0.0722931113105246
4,0.043658934464951095,0.06675725319136641
