Epoca,Erro_Treino,Erro_Validacao
1,0.10181868095003921,0.10925455173963433
2,0.07262500092776511,0.08578460550991131
3,0.0553929403354771,0.07400105028321245
4,0.042712802229577476,0.06767560066135309
