Epoca,Erro_Quadratico_Medio
1,0.22125489566885712
2,0.22805665227652044
3,0.2381022722102391
4,0.24585699885389703
5,0.24900818057600346
6,0.25333586207620495
7,0.25711927157940023
8,0.261658768554369
9,0.26655326152076664
10,0.2687972791024326
11,0.27112965984331355
12,0.2731061055034241
13,0.27480836424048677
14,0.2769291397699787
15,0.2790344647548005
16,0.2810627446854042
