Epoca,Erro_Quadratico_Medio
1,0.21270419849176928
2,0.19571682626105436
3,0.19550498356341584
4,0.19935717512672566
5,0.20505607846134621
6,0.21061876625578807
7,0.21620827330323494
8,0.2239830519072411
9,0.239162865545852
10,0.251881228765409
11,0.23325773005131797
