Epoca,Erro_Treino,Erro_Validacao
1,0.08872946531614088,0.13408563315588895
2,0.05144644249489888,0.11870368042371991
3,0.03356940931023521,0.1012510084695672
4,0.022394866155823992,0.08648833728819352
5,0.015310716316645174,0.08072682980662448
6,0.01154518661072284,0.0795052638725441
7,0.010056036299711435,0.08024342066395065
8,0.0102002360181204,0.08346835554391098
9,0.0148474012574196,0.09301736460945054
10,0.02213148607012055,0.10207016057800009
11,0.009505209756644106,0.08678221127253076
