Epoca,Erro_Treino,Erro_Validacao
1,0.08977217221184587,0.1341794632286689
2,0.06486495064989062,0.12613202000871582
3,0.041848789543368146,0.10370098691375589
4,0.03330948626911856,0.09814945180504682
5,0.02592222944267299,0.08850315678406065
6,0.016478109754263278,0.07708901764116168
7,0.010736221697502959,0.07095800165727871
8,0.007699143129630901,0.06700543093651853
