Epoca,Erro_Treino,Erro_Validacao
1,0.15732604334437714,0.13025941663375454
2,0.07444872222899807,0.10105897411948497
3,0.04639404913497001,0.09000557829402665
4,0.03143157650095825,0.08148926393880145
5,0.021302016522409817,0.06768746744721206
6,0.01525394590601463,0.0613527032835282
7,0.011305544557323676,0.0597754660437408
8,0.008830822335551556,0.05923922985432674
