Epoca,Erro_Quadratico_Medio
1,0.21597481421952813
2,0.19516056670103146
3,0.1866923004943318
