Epoca,Erro_Treino,Erro_Validacao
1,0.15704572728581503,0.10374939301803007
2,0.0714324090114214,0.09585572942845634
3,0.04190162868517262,0.0853740138153852
