Epoca,Erro_Treino,Erro_Validacao
1,0.10922454583965213,0.1471635645169934
2,0.06569459636638858,0.11603685594738568
3,0.04292896827748616,0.09747059110818851
