Epoca,Erro_Treino,Erro_Validacao
1,0.0946491989578021,0.1429081863340304
2,0.06298988917333934,0.1245752895262221
3,0.0454785037001238,0.11036772322298138
