Epoca,Erro_Quadratico_Medio
1,0.22354625410983542
2,0.21912119412919698
3,0.22379640629546665
4,0.22828261377923675
5,0.2312078534938146
6,0.23297878172672878
7,0.2328434487374132
