Epoca,Erro_Treino,Erro_Validacao
1,0.14190940139548297,0.17502668990460532
2,0.10424422943923647,0.15145720951258929
3,0.08467744759741147,0.13949440535002536
4,0.07239563778476465,0.13138254427962254
5,0.06290462668466436,0.1244148113126816
6,0.05503044111491526,0.11831837559977391
7,0.04781216856781035,0.11246376460701435
