Epoca,Erro_Treino,Erro_Validacao
1,0.16698802071202837,0.1659471016612123
2,0.12479359730871681,0.13027739534246405
3,0.09640467258042226,0.11117970259456386
4,0.0761473963006119,0.09916507197500099
5,0.0616542745447308,0.09127342665812303
6,0.050560816810310404,0.08578264054426299
7,0.042123967454005144,0.08161867406188546
