Epoca,Erro_Treino,Erro_Validacao
1,0.19430495146350346,0.16322725530386592
2,0.1354303314206658,0.12515624552334934
3,0.09992178051151912,0.10497046579681751
4,0.07775876348655644,0.09311456822841616
5,0.06238660257637302,0.0876629342457979
6,0.051051384924594635,0.08469389912717831
7,0.042354402553798194,0.08195988850755677
