Epoca,Erro_Treino,Erro_Validacao
1,0.10484415761658328,0.15246924005619455
2,0.07155413117793875,0.1331996861701292
3,0.057222853905400946,0.12027086970942065
4,0.04612599799593116,0.10844304219126692
