Epoca,Erro_Quadratico_Medio
1,0.20585354972067846
2,0.20125212234775924
3,0.1988497555145764
4,0.1975748988574916
