Epoca,Erro_Treino,Erro_Validacao
1,0.14368550549905773,0.147794113615779
2,0.1013932036047258,0.12223216836342225
3,0.07723755673288601,0.11752935594124064
4,0.05934358154912567,0.11353891072936756
5,0.04682695098134977,0.10932105808047238
