Epoca,Erro_Treino,Erro_Validacao
1,0.15316830961055353,0.11694740841361029
2,0.08868205182856087,0.10584404522196515
3,0.06170125874722924,0.09716448033902969
4,0.04509416448583373,0.08900620847032126
