Epoca,Erro_Quadratico_Medio
1,0.16982500963947972
2,0.16251233476396448
3,0.16492148288940087
4,0.16580669355381097
5,0.16684714666499795
6,0.16746797474052227
7,0.1679419204701869
8,0.1685310739810939
9,0.16899359550886645
10,0.16925447367650093
11,0.169518599193293
12,0.1698379124976853
13,0.17023853512021922
14,0.17075563037207062
15,0.17140617211367087
