Epoca,Erro_Treino,Erro_Validacao
1,0.14591278644407474,0.13458487714151898
2,0.08112440983025836,0.11105648141394195
3,0.05450842272368959,0.10225816857021665
4,0.04216918736024725,0.08555052789103604
