Epoca,Erro_Quadratico_Medio
1,0.16208805353427114
2,0.16388176684328204
3,0.18510709116784635
4,0.20340861351029987
