Epoca,Erro_Treino,Erro_Validacao
1,0.13904305297108258,0.15554832853066508
2,0.08284574994371655,0.14002714438210995
3,0.04259280095367054,0.09615951109449399
