Epoca,Erro_Quadratico_Medio
1,0.1882899578916763
2,0.18623018617001205
3,0.19024055032085685
4,0.19524461937223248
5,0.1996401369112013
6,0.20344463189850998
7,0.20530425076695294
8,0.20552172034466346
9,0.2044346191761601
10,0.20285655088548984
11,0.20204319995603137
12,0.20247592951713175
13,0.20352417001219825
14,0.20494794535011818
15,0.20673443816030718
16,0.20872119108021858
17,0.2108841546989657
18,0.2132789157774072
19,0.2156378954524561
20,0.21745294206622512
21,0.21881144437331862
