Epoca,Erro_Treino,Erro_Validacao
1,0.1175702516961448,0.1506215219688334
2,0.07730618814850251,0.1005970823489591
3,0.060030211461719316,0.09136106330217948
4,0.052348984911551356,0.08901766339265832
5,0.04311533281755858,0.0858230023070312
