Epoca,Erro_Treino,Erro_Validacao
1,0.1623354017059675,0.10686275886276399
2,0.08778025851087082,0.08844323959384102
3,0.06569236312365528,0.08289577391093907
4,0.05318415131721447,0.07937358462918721
5,0.04413638443409781,0.07754759061204428
