Epoca,Erro_Treino,Erro_Validacao
1,0.12059074811789687,0.1296196940797066
2,0.07795730607846311,0.0954055338510748
3,0.05851259176501366,0.08308865868628096
4,0.047597993915336,0.0788833973710238
