Epoca,Erro_Quadratico_Medio
1,0.24337552152618513
2,0.23397626528687623
3,0.24053007154773642
4,0.2469256093651247
