Epoca,Erro_Quadratico_Medio
1,0.2361874387141896
2,0.21737715481227518
3,0.21258299622491977
4,0.21483279766651892
5,0.21912718766647918
