Epoca,Erro_Treino,Erro_Validacao
1,0.11104200429640719,0.12782916947856027
2,0.07480659624681592,0.09871848572173253
3,0.05713552018055424,0.08666134524867707
4,0.04494054798474001,0.08164391474792843
