Epoca,Erro_Treino,Erro_Validacao
1,0.16194895487683722,0.09223081390596753
2,0.09469304050378664,0.07371822487882286
3,0.07216062850572441,0.06497745400911596
4,0.05814342384642882,0.06010451694791228
5,0.048678307916915735,0.05687244264742224
