Epoca,Erro_Treino,Erro_Validacao
1,0.12026754903356135,0.12647047720682464
2,0.08590062022351835,0.09326915494995937
3,0.06977051243843853,0.08515098879098425
4,0.05814010069048242,0.0832467192827532
5,0.04901129745851236,0.0815942339393661
