Epoca,Erro_Treino,Erro_Validacao
1,0.18271416676839078,0.20298183457051341
2,0.11821497263678375,0.14007073554371782
3,0.09268460071447934,0.11031153169061655
4,0.07555107259286327,0.09407135536295116
5,0.06269553743562895,0.08555305858185351
6,0.05301388357929444,0.08021296841986299
7,0.04560812809503837,0.07624962229603689
