Epoca,Erro_Quadratico_Medio
1,0.2745623492955656
2,0.25312480309965246
3,0.245590234664885
4,0.2427401690014602
5,0.24221313180046916
6,0.24343931686830036
7,0.24571171087445362
