Epoca,Erro_Treino,Erro_Validacao
1,0.16810230715960425,0.1893736224452539
2,0.11478341735596179,0.13991367778558547
3,0.08658527214045268,0.11365858869984104
4,0.06970309523276982,0.09874208776089732
5,0.05831913213156006,0.08895857140614276
6,0.049981250157830975,0.08231617572394173
