Epoca,Erro_Treino,Erro_Validacao
1,0.21321813783239546,0.19665608899907985
2,0.13690898380294095,0.15031495616870497
3,0.10312121950716932,0.11954834208443778
4,0.08316224687437743,0.09950691610365248
5,0.0697100813052163,0.08658894210392551
6,0.05988675799451612,0.07763392837402634
7,0.052607520572444576,0.0713634653202988
8,0.0470005598525582,0.06712801580389306
