Epoca,Erro_Treino,Erro_Validacao
1,0.15922452045928068,0.12832853794457194
2,0.06899984491700034,0.12249867636499866
3,0.04209527049198764,0.10812456053386355
4,0.027411912227429395,0.09890409692632075
5,0.018844933916505727,0.09529865628805083
6,0.013677404370461645,0.09356641146619321
7,0.010170023206281586,0.09189882122294007
8,0.007713610125950613,0.09255948666962903
