Epoca,Erro_Quadratico_Medio
1,0.22624261418925828
2,0.2235291521284382
3,0.2267326263763867
4,0.22850068856089897
5,0.22569604766791465
6,0.22082019176021786
7,0.2187135639745277
8,0.217525141008458
9,0.21741498940884157
