Epoca,Erro_Treino,Erro_Validacao
1,0.10099102555230348,0.13323279514079212
2,0.06314122411447286,0.10714746333515343
3,0.039839860568836115,0.09072667384966028
4,0.027493303491002097,0.08165906383425625
5,0.017248285439118053,0.07146146976963547
6,0.011187865738545213,0.06554547410537705
7,0.00790609905663466,0.06235718726629582
