Epoca,Erro_Treino,Erro_Validacao
1,0.07831969258284006,0.12543707788322803
2,0.05378695400729949,0.10352675464323895
3,0.04832037202415842,0.10249533859264359
4,0.04664007588327665,0.09946204208072634
5,0.04034703564147201,0.09334780338476495
6,0.0258629722235788,0.08373036484672011
7,0.016628894487329595,0.07765012913747855
8,0.01130787496051548,0.07327309297178883
9,0.006969239841021782,0.06712628086392577
