Epoca,Erro_Treino,Erro_Validacao
1,0.1696857445170759,0.14229308098657018
2,0.10727208670939184,0.10106999057627294
3,0.07554964497142534,0.08705384273547719
4,0.05754283739990002,0.08386559547446382
5,0.04581403393715556,0.08167345281151377
