Epoca,Erro_Treino,Erro_Validacao
1,0.13639168196493232,0.15622627548704612
2,0.09895723047522811,0.12834655061709457
3,0.07818770328403689,0.11347141159946865
4,0.06632965006065458,0.10634330177335356
5,0.05604428123366783,0.10002595971353627
6,0.04743713026210644,0.09501350905189887
