Epoca,Erro_Quadratico_Medio
1,0.19299460990817952
2,0.18900237811503132
3,0.19739048896254943
4,0.2070085813066821
5,0.2112669531737176
6,0.2148306616636859
7,0.2188478644584624
