Epoca,Erro_Treino,Erro_Validacao
1,0.1449208391432291,0.1661542276986502
2,0.10807604382321191,0.13134608632498607
3,0.08360479527697134,0.11441944323586822
4,0.06952566899617454,0.10541207813906327
5,0.058576988302544444,0.0928114376825649
6,0.05081906684862598,0.08527443221376894
7,0.04466379054460745,0.0812102749943598
