Epoca,Erro_Treino,Erro_Validacao
1,0.08356506827427673,0.09150206246660961
2,0.05857952900652778,0.07703191628433038
3,0.04517327023616465,0.07273052769249685
