Epoca,Erro_Treino,Erro_Validacao
1,0.1368115126156767,0.08930997681321505
2,0.06365661554042987,0.07834502812439122
3,0.04373034531450373,0.07644809343032646
