Epoca,Erro_Treino,Erro_Validacao
1,0.0818048926360202,0.08542091603700593
2,0.06097191086766911,0.0776006732576529
3,0.04341326848207901,0.07358680582652063
