Epoca,Erro_Quadratico_Medio
1,0.2751646288711894
2,0.2792609131660936
3,0.28724978293367415
