Epoca,Erro_Treino,Erro_Validacao
1,0.16875320476349007,0.1462200842454834
2,0.09819591507278397,0.12862073569083127
3,0.06451058640457787,0.11232190044841758
4,0.04427377809908497,0.10172802341012459
5,0.030980658387477926,0.09424296240461727
6,0.022601889878863267,0.08800761387036482
7,0.017140106167529638,0.08411619546271405
8,0.013359410037090602,0.08167754516851543
9,0.010612602521460405,0.07958573178870187
10,0.008572327991961323,0.07760976960381162
