Epoca,Erro_Quadratico_Medio
1,0.20412440493089376
2,0.18793303181624482
3,0.18660164365279025
4,0.1863385800840529
5,0.18532532924652326
6,0.18426908137163067
7,0.18360188090733975
8,0.18279028915168577
9,0.1818833924709419
