Epoca,Erro_Treino,Erro_Validacao
1,0.11255500350243892,0.1486619726600046
2,0.06525070378556802,0.10479889239031015
3,0.04766523988950489,0.08579798314500248
4,0.035854345345627814,0.07602244020062457
5,0.02639582539366563,0.06980949050415268
6,0.01944773173181183,0.06569393659106987
7,0.014489809369177339,0.06292750015236527
8,0.010932048322338201,0.060872040469592596
9,0.008428526912512809,0.05940818660281832
