Epoca,Erro_Treino,Erro_Validacao
1,0.22038733097760155,0.18799999279307494
2,0.15432670192624162,0.165908420052952
3,0.12266191347844338,0.1460277362353736
4,0.1004531732354431,0.12621707005753488
5,0.08369714361196096,0.10942410621903315
6,0.0708621336136618,0.09773551622962799
7,0.060886835174916776,0.08991053630940742
8,0.052966832964778006,0.08432698674669868
9,0.046478120319794175,0.08000004685746522
