Epoca,Erro_Treino,Erro_Validacao
1,0.14675207668639828,0.16140222140153682
2,0.11179037630883967,0.14045366418269056
3,0.09107481544698123,0.12804968362029334
4,0.07692936480968528,0.11871151708836977
5,0.0657519906105693,0.11023868047602486
6,0.056663849738279246,0.10251274391517368
7,0.04925599553599782,0.09575800573506947
