Epoca,Erro_Treino,Erro_Validacao
1,0.16242906658457912,0.18472628965595933
2,0.12036526231229015,0.15721562801886407
3,0.09338658737721615,0.1389578384168735
4,0.07557676356158856,0.12515457979244296
5,0.06333949068272708,0.11629409067603376
6,0.05474700527067805,0.11094472784276321
7,0.048164809170248,0.10702546836700283
