Epoca,Erro_Quadratico_Medio
1,0.24923504821997905
2,0.2573654129864393
3,0.26816122141964915
4,0.2756634095548745
5,0.277878685782328
6,0.2770409904493672
7,0.27533089224778345
