Epoca,Erro_Quadratico_Medio
1,0.26008017173595266
2,0.2545575448422487
3,0.25963485602231734
4,0.25793222433326035
5,0.25854024277664145
6,0.26325981149346434
7,0.2665176650278747
8,0.2669618015501771
9,0.2675232770953817
