Epoca,Erro_Treino,Erro_Validacao
1,0.139276489642459,0.10040238247587153
2,0.06382721893352714,0.08863888331813487
3,0.0438284552211403,0.07929159572834132
4,0.033517793450441764,0.07151388461536225
5,0.024957994608185624,0.06685910931641818
6,0.019033998895914225,0.06106739304037736
7,0.01527854208051899,0.05718609071506591
8,0.013152527532665242,0.05422077951185159
9,0.011427188969263515,0.052515398279813386
10,0.009899485737692885,0.05217142276157603
