Epoca,Erro_Treino,Erro_Validacao
1,0.06610691624231614,0.08214510771594805
2,0.055748776506613924,0.07169046803527303
3,0.04622485898487653,0.07740685131488324
4,0.029202726910875276,0.06503087685966663
5,0.019967085142409486,0.06292111509522023
6,0.01472440910422214,0.05996985511929541
7,0.012678283151132742,0.06166248812969677
8,0.010774715847545536,0.06118592171572139
9,0.009349113206415715,0.060391425937834406
