Epoca,Erro_Quadratico_Medio
1,0.23955459102954219
2,0.22348394451755166
3,0.21597704122149933
4,0.21184493685837882
5,0.21036983107168003
6,0.21042341585730923
7,0.21135009739426056
8,0.21273264986970253
9,0.21430277720545315
10,0.21627927552784362
11,0.21863573343800766
12,0.2210029861254573
13,0.22330402204847277
14,0.22601766476685828
15,0.22944332595440028
16,0.23399995951358452
17,0.23931626037669193
18,0.2430507454682516
19,0.24399957769256528
20,0.2439157688006079
21,0.2439403076394323
