Epoca,Erro_Quadratico_Medio
1,0.24334468143367258
2,0.23577981466058998
3,0.23532088154435918
4,0.23680608647998527
5,0.2387279035540961
6,0.24086322994908602
7,0.2435952033076115
8,0.24670494071367868
9,0.2496667164004637
10,0.2519529261532476
11,0.25360135750506685
12,0.25489383941137833
13,0.25612712216276917
14,0.25732049052337247
15,0.25868210752914916
16,0.26003359699203704
17,0.26122280678012993
