Epoca,Erro_Quadratico_Medio
1,0.21476077161491636
2,0.21414297155489567
3,0.22053355749298229
4,0.2268823567608578
