Epoca,Erro_Treino,Erro_Validacao
1,0.1632889394870998,0.15417204573031484
2,0.10078186058936646,0.15356356595495688
3,0.0732215622704616,0.14926224478412667
4,0.055160317472511836,0.14261571039080137
5,0.042241289490941,0.1374429097270502
