Epoca,Erro_Treino,Erro_Validacao
1,0.10297529583591772,0.13568335504938886
2,0.06912612977504436,0.1026786366321749
3,0.05123912681396136,0.08857737310339286
4,0.03902064903315914,0.08150136552996978
