Epoca,Erro_Treino,Erro_Validacao
1,0.12585219900046665,0.1454985105294293
2,0.08659888425564415,0.11459393841908729
3,0.06717781035532824,0.10402815593650991
4,0.05517128269778653,0.09871196310328145
5,0.04737403475912011,0.09587552160117031
