Epoca,Erro_Quadratico_Medio
1,0.18570596163079223
2,0.18170741910640323
3,0.18163752996200933
4,0.18022250538147475
5,0.1771743829398032
6,0.17509346672424583
7,0.17497013173670256
8,0.17520345120898162
