Epoca,Erro_Treino,Erro_Validacao
1,0.10411205039043252,0.14020197214269198
2,0.06590081078915727,0.11034774070429698
3,0.044045672635488184,0.09458666361091204
4,0.02934602597212163,0.08831467287230374
5,0.020019993870278655,0.08365557532983728
6,0.014326774643080478,0.07832069309308128
7,0.010241599630371313,0.07338025212664488
8,0.00706589874326759,0.07038042319710118
9,0.005012118533538445,0.0686113635089637
10,0.0037122234117816276,0.06738971497570313
