Epoca,Erro_Treino,Erro_Validacao
1,0.06509737067716473,0.10444496888420174
2,0.0566056455044727,0.11646721252939159
3,0.048857296412096074,0.11098085381928588
4,0.03281933047939032,0.09829865930227467
5,0.018310966822994493,0.08577893227428803
6,0.009144354751102276,0.07522359755257348
7,0.005018294789739215,0.06870187531438948
8,0.003083593938217247,0.06383163353222626
