Epoca,Erro_Treino,Erro_Validacao
1,0.16053936744449554,0.13200310571341323
2,0.07673096591599057,0.11986176852824233
3,0.04687777437383123,0.1185150112115387
4,0.029068394399285758,0.11285076786985417
5,0.018086306360804508,0.10991819003532018
6,0.01186188937523072,0.10234952839450828
7,0.008615713734651385,0.09651410172737765
8,0.0064834830004357755,0.09189262494066269
9,0.004861021801302776,0.08517122336747515
