Epoca,Erro_Treino,Erro_Validacao
1,0.16262977220964037,0.14352993098864023
2,0.09456378351387322,0.10941922725290244
3,0.06439746493159694,0.0900039942979384
4,0.04755349125375066,0.07916105484473822
5,0.03510873993594549,0.07030362302694522
6,0.02562893097519394,0.05686032491565064
7,0.019330859536282628,0.04847145250391881
8,0.015361608690140692,0.04521979385144581
9,0.011514392751014624,0.045415452617600306
10,0.008516749915007395,0.04556692348732511
