Epoca,Erro_Treino,Erro_Validacao
1,0.10218289502274212,0.1246694398680839
2,0.07467143917906852,0.11768214785434128
3,0.06372552549334137,0.11111152314014679
4,0.053201173473282785,0.10564382554177978
5,0.03737749493823906,0.09139693611294732
6,0.02778253186502354,0.08374421405477533
7,0.018614815417868552,0.07316990359083629
8,0.011729568428550056,0.06552088917605474
9,0.009077188684556274,0.06248965185395466
