Epoca,Erro_Treino,Erro_Validacao
1,0.09865713457437826,0.12402662344832004
2,0.0690744822326919,0.10640894612500412
3,0.051999433162494474,0.09194971063749761
4,0.036096733180940116,0.0757107406405141
5,0.02322341647556464,0.06438468508296069
6,0.016924162231772122,0.05809124881411647
7,0.012566669249510694,0.05339420338078888
8,0.009814416633802295,0.05046556323243493
