Epoca,Erro_Quadratico_Medio
1,0.19711115265368814
2,0.19665707392162218
3,0.20428880622614826
4,0.2080013618747475
5,0.21393243482285945
6,0.21928026001777787
7,0.22186057844658072
8,0.2228929412891154
