Epoca,Erro_Quadratico_Medio
1,0.1815416309347877
2,0.1748066271717208
3,0.17828189150623597
4,0.1862849387874451
5,0.1891413777734644
6,0.19042384383741978
7,0.19171472014176302
8,0.19211599279581915
9,0.19156139163504116
10,0.19036562333591142
11,0.18897871099994584
12,0.18757435954620064
13,0.18649834702850407
14,0.18577865058934176
15,0.18524174432717916
16,0.18470263804905124
17,0.18410483974501268
18,0.1841416336228152
19,0.18465426476134886
20,0.1852283860841221
21,0.18575175602709112
