Epoca,Erro_Quadratico_Medio
1,0.20268322604860012
2,0.1925227836667585
3,0.19996780370449466
4,0.20330630126354687
5,0.19884510040615042
6,0.19412293032145542
7,0.19106943171939314
8,0.18925409263403561
9,0.18808440528541434
10,0.18730503397714146
11,0.1866574311937027
12,0.18587389610278385
13,0.18503320699788164
14,0.18395240723720477
15,0.18260014448170128
