Epoca,Erro_Treino,Erro_Validacao
1,0.10268747011648062,0.13032693004919507
2,0.059493612079385826,0.09851345548531412
3,0.04338096239220675,0.10381080748271708
4,0.03397004457549685,0.09958485708587632
5,0.02752238791540725,0.0994760930484458
6,0.019749988558297196,0.09199074489370525
7,0.013948764870627645,0.08189140358147202
8,0.010199240880786938,0.07607811986628063
9,0.007809907452643939,0.07223571816704721
