Epoca,Erro_Treino,Erro_Validacao
1,0.09370950828854109,0.13246048409857977
2,0.06680476040533988,0.12108204297684434
3,0.054062052646631484,0.10622921149102907
4,0.03856829831279272,0.08863186460407009
5,0.02757599465026758,0.07099215021881147
6,0.02137273955781127,0.06612465771072876
7,0.017383003223317324,0.06535311568812756
8,0.013360524757059195,0.0656622015617183
9,0.010949980828279745,0.06735985153269934
10,0.009043251327316641,0.06836904053372553
