Epoca,Erro_Quadratico_Medio
1,0.1842502740964485
2,0.2006495906298909
3,0.2088794856711682
4,0.21345453126418906
5,0.2093285448422935
6,0.20779250584094214
7,0.20772498423791064
8,0.20666032440205853
9,0.20756345282617927
10,0.20959150623337822
