Epoca,Erro_Treino,Erro_Validacao
1,0.0839065075329037,0.10271554714995422
2,0.046909143857535855,0.0883165058037165
3,0.035932596826166126,0.08309895174778435
4,0.029023728429511016,0.07848381762134377
5,0.017060906676096554,0.06959704567989565
6,0.011783568947806015,0.0642104150032336
7,0.00838691376803663,0.059874801252968304
