Epoca,Erro_Treino,Erro_Validacao
1,0.14625671755863115,0.1267045397856208
2,0.07330466551237215,0.10192547938368872
3,0.04407089265268062,0.08910052480450455
4,0.02813507863102403,0.0807405059465787
5,0.017442524525866105,0.07064846578447856
6,0.011104762264510699,0.06431837994469702
7,0.007825166661902985,0.06286462361540908
