Epoca,Erro_Quadratico_Medio
1,0.17600226549421497
2,0.19288540640243537
3,0.194979238621975
4,0.20198170988999148
5,0.2090106879769393
6,0.2018251563310821
7,0.19321460387886533
8,0.1911631340149785
