Epoca,Erro_Treino,Erro_Validacao
1,0.07509530888720907,0.12061380793934733
2,0.04985932939893391,0.09655958530080011
3,0.037880860852748416,0.08848624689572057
4,0.03181635870711178,0.08586738752132406
5,0.02653422714699214,0.08019228718819757
6,0.018069536699245586,0.07466794530762849
7,0.012372155686346809,0.07244168732731796
8,0.008958670371783292,0.0691181311639728
