Epoca,Erro_Quadratico_Medio
1,0.25278252960198183
2,0.2528635074311332
3,0.25669694762599576
4,0.2616141404557496
5,0.2666799224925877
6,0.26800021208960534
7,0.268776796826689
8,0.26995752138155915
9,0.26870216199752234
10,0.2678117136821795
11,0.2667565987550804
12,0.2655301731988647
